-- INSERTS masivos - vEntFinal (no inserta en InventarioMovimientos; los triggers generan movimientos)
USE libreria_online;
START TRANSACTION;
INSERT INTO Editorial (id_editorial, nombre) VALUES (1, 'Editorial 1');
INSERT INTO Editorial (id_editorial, nombre) VALUES (2, 'Editorial 2');
INSERT INTO Editorial (id_editorial, nombre) VALUES (3, 'Editorial 3');
INSERT INTO Editorial (id_editorial, nombre) VALUES (4, 'Editorial 4');
INSERT INTO Editorial (id_editorial, nombre) VALUES (5, 'Editorial 5');
INSERT INTO Editorial (id_editorial, nombre) VALUES (6, 'Editorial 6');
INSERT INTO Editorial (id_editorial, nombre) VALUES (7, 'Editorial 7');
INSERT INTO Editorial (id_editorial, nombre) VALUES (8, 'Editorial 8');
INSERT INTO Editorial (id_editorial, nombre) VALUES (9, 'Editorial 9');
INSERT INTO Editorial (id_editorial, nombre) VALUES (10, 'Editorial 10');
INSERT INTO Editorial (id_editorial, nombre) VALUES (11, 'Editorial 11');
INSERT INTO Editorial (id_editorial, nombre) VALUES (12, 'Editorial 12');
INSERT INTO Editorial (id_editorial, nombre) VALUES (13, 'Editorial 13');
INSERT INTO Editorial (id_editorial, nombre) VALUES (14, 'Editorial 14');
INSERT INTO Editorial (id_editorial, nombre) VALUES (15, 'Editorial 15');
INSERT INTO CategoriaLibro (id_categoria, nombre) VALUES (1, 'Categoria 1');
INSERT INTO CategoriaLibro (id_categoria, nombre) VALUES (2, 'Categoria 2');
INSERT INTO CategoriaLibro (id_categoria, nombre) VALUES (3, 'Categoria 3');
INSERT INTO CategoriaLibro (id_categoria, nombre) VALUES (4, 'Categoria 4');
INSERT INTO CategoriaLibro (id_categoria, nombre) VALUES (5, 'Categoria 5');
INSERT INTO CategoriaLibro (id_categoria, nombre) VALUES (6, 'Categoria 6');
INSERT INTO CategoriaLibro (id_categoria, nombre) VALUES (7, 'Categoria 7');
INSERT INTO CategoriaLibro (id_categoria, nombre) VALUES (8, 'Categoria 8');
INSERT INTO CategoriaLibro (id_categoria, nombre) VALUES (9, 'Categoria 9');
INSERT INTO CategoriaLibro (id_categoria, nombre) VALUES (10, 'Categoria 10');
INSERT INTO CategoriaLibro (id_categoria, nombre) VALUES (11, 'Categoria 11');
INSERT INTO CategoriaLibro (id_categoria, nombre) VALUES (12, 'Categoria 12');
INSERT INTO Autor (id_autor, nombre, apellido) VALUES (1, 'Pablo', 'Pérez');
INSERT INTO Autor (id_autor, nombre, apellido) VALUES (2, 'Valentina', 'Martínez');
INSERT INTO Autor (id_autor, nombre, apellido) VALUES (3, 'Pablo', 'Pérez');
INSERT INTO Autor (id_autor, nombre, apellido) VALUES (4, 'Pedro', 'Martínez');
INSERT INTO Autor (id_autor, nombre, apellido) VALUES (5, 'Micaela', 'García');
INSERT INTO Autor (id_autor, nombre, apellido) VALUES (6, 'Camila', 'Torres');
INSERT INTO Autor (id_autor, nombre, apellido) VALUES (7, 'Sofía', 'Pérez');
INSERT INTO Autor (id_autor, nombre, apellido) VALUES (8, 'Fernando', 'Martínez');
INSERT INTO Autor (id_autor, nombre, apellido) VALUES (9, 'Diego', 'Gómez');
INSERT INTO Autor (id_autor, nombre, apellido) VALUES (10, 'Lucía', 'Ruiz');
INSERT INTO Autor (id_autor, nombre, apellido) VALUES (11, 'Paula', 'Pérez');
INSERT INTO Autor (id_autor, nombre, apellido) VALUES (12, 'Valentina', 'Rossi');
INSERT INTO Autor (id_autor, nombre, apellido) VALUES (13, 'Rocío', 'Fernández');
INSERT INTO Autor (id_autor, nombre, apellido) VALUES (14, 'Nicolás', 'Rodríguez');
INSERT INTO Autor (id_autor, nombre, apellido) VALUES (15, 'Carla', 'Álvarez');
INSERT INTO Autor (id_autor, nombre, apellido) VALUES (16, 'Martín', 'Martínez');
INSERT INTO Autor (id_autor, nombre, apellido) VALUES (17, 'Sofía', 'Álvarez');
INSERT INTO Autor (id_autor, nombre, apellido) VALUES (18, 'Carla', 'Álvarez');
INSERT INTO Autor (id_autor, nombre, apellido) VALUES (19, 'Paula', 'Rossi');
INSERT INTO Autor (id_autor, nombre, apellido) VALUES (20, 'Julián', 'Torres');
INSERT INTO Autor (id_autor, nombre, apellido) VALUES (21, 'Lucía', 'Martínez');
INSERT INTO Autor (id_autor, nombre, apellido) VALUES (22, 'Rocío', 'Rodríguez');
INSERT INTO Autor (id_autor, nombre, apellido) VALUES (23, 'Luis', 'Romero');
INSERT INTO Autor (id_autor, nombre, apellido) VALUES (24, 'Ana', 'López');
INSERT INTO Autor (id_autor, nombre, apellido) VALUES (25, 'Juan', 'López');
INSERT INTO Autor (id_autor, nombre, apellido) VALUES (26, 'Carla', 'Sánchez');
INSERT INTO Autor (id_autor, nombre, apellido) VALUES (27, 'Paula', 'Torres');
INSERT INTO Autor (id_autor, nombre, apellido) VALUES (28, 'Lucía', 'Fernández');
INSERT INTO Autor (id_autor, nombre, apellido) VALUES (29, 'Franco', 'Sánchez');
INSERT INTO Autor (id_autor, nombre, apellido) VALUES (30, 'Julián', 'Rodríguez');
INSERT INTO Autor (id_autor, nombre, apellido) VALUES (31, 'Micaela', 'Gómez');
INSERT INTO Autor (id_autor, nombre, apellido) VALUES (32, 'Camila', 'Romero');
INSERT INTO Autor (id_autor, nombre, apellido) VALUES (33, 'Diego', 'Sánchez');
INSERT INTO Autor (id_autor, nombre, apellido) VALUES (34, 'Sofía', 'López');
INSERT INTO Autor (id_autor, nombre, apellido) VALUES (35, 'Valentina', 'López');
INSERT INTO Autor (id_autor, nombre, apellido) VALUES (36, 'Luis', 'Pérez');
INSERT INTO Autor (id_autor, nombre, apellido) VALUES (37, 'Micaela', 'García');
INSERT INTO Autor (id_autor, nombre, apellido) VALUES (38, 'Rocío', 'Álvarez');
INSERT INTO Autor (id_autor, nombre, apellido) VALUES (39, 'Noelia', 'Sánchez');
INSERT INTO Autor (id_autor, nombre, apellido) VALUES (40, 'Noelia', 'Rossi');
INSERT INTO Autor (id_autor, nombre, apellido) VALUES (41, 'Nicolás', 'Romero');
INSERT INTO Autor (id_autor, nombre, apellido) VALUES (42, 'Paula', 'Romero');
INSERT INTO Autor (id_autor, nombre, apellido) VALUES (43, 'Juan', 'Gómez');
INSERT INTO Autor (id_autor, nombre, apellido) VALUES (44, 'María', 'Martínez');
INSERT INTO Autor (id_autor, nombre, apellido) VALUES (45, 'Sofía', 'Torres');
INSERT INTO Autor (id_autor, nombre, apellido) VALUES (46, 'Pedro', 'Fernández');
INSERT INTO Autor (id_autor, nombre, apellido) VALUES (47, 'Valentina', 'Rodríguez');
INSERT INTO Autor (id_autor, nombre, apellido) VALUES (48, 'Julián', 'López');
INSERT INTO Autor (id_autor, nombre, apellido) VALUES (49, 'Franco', 'García');
INSERT INTO Autor (id_autor, nombre, apellido) VALUES (50, 'Juan', 'Romero');
INSERT INTO Autor (id_autor, nombre, apellido) VALUES (51, 'Fernando', 'Rossi');
INSERT INTO Autor (id_autor, nombre, apellido) VALUES (52, 'María', 'García');
INSERT INTO Autor (id_autor, nombre, apellido) VALUES (53, 'Julián', 'García');
INSERT INTO Autor (id_autor, nombre, apellido) VALUES (54, 'Sofía', 'Álvarez');
INSERT INTO Autor (id_autor, nombre, apellido) VALUES (55, 'Camila', 'Rossi');
INSERT INTO Autor (id_autor, nombre, apellido) VALUES (56, 'Sofía', 'Martínez');
INSERT INTO Autor (id_autor, nombre, apellido) VALUES (57, 'Paula', 'Fernández');
INSERT INTO Autor (id_autor, nombre, apellido) VALUES (58, 'Valentina', 'López');
INSERT INTO Autor (id_autor, nombre, apellido) VALUES (59, 'Ana', 'Sánchez');
INSERT INTO Autor (id_autor, nombre, apellido) VALUES (60, 'Brenda', 'Pérez');
INSERT INTO Libro (id_libro, titulo, anio_publicacion, precio, stock, id_editorial, id_categoria) VALUES (1, 'Libro 1', 1981, 5050, 21, 2, 2);
INSERT INTO Libro (id_libro, titulo, anio_publicacion, precio, stock, id_editorial, id_categoria) VALUES (2, 'Libro 2', 1982, 5100, 22, 3, 3);
INSERT INTO Libro (id_libro, titulo, anio_publicacion, precio, stock, id_editorial, id_categoria) VALUES (3, 'Libro 3', 1983, 5150, 23, 4, 4);
INSERT INTO Libro (id_libro, titulo, anio_publicacion, precio, stock, id_editorial, id_categoria) VALUES (4, 'Libro 4', 1984, 5200, 24, 5, 5);
INSERT INTO Libro (id_libro, titulo, anio_publicacion, precio, stock, id_editorial, id_categoria) VALUES (5, 'Libro 5', 1985, 5250, 25, 6, 6);
INSERT INTO Libro (id_libro, titulo, anio_publicacion, precio, stock, id_editorial, id_categoria) VALUES (6, 'Libro 6', 1986, 5300, 26, 7, 7);
INSERT INTO Libro (id_libro, titulo, anio_publicacion, precio, stock, id_editorial, id_categoria) VALUES (7, 'Libro 7', 1987, 5350, 27, 8, 8);
INSERT INTO Libro (id_libro, titulo, anio_publicacion, precio, stock, id_editorial, id_categoria) VALUES (8, 'Libro 8', 1988, 5400, 28, 9, 9);
INSERT INTO Libro (id_libro, titulo, anio_publicacion, precio, stock, id_editorial, id_categoria) VALUES (9, 'Libro 9', 1989, 5450, 29, 10, 10);
INSERT INTO Libro (id_libro, titulo, anio_publicacion, precio, stock, id_editorial, id_categoria) VALUES (10, 'Libro 10', 1990, 5500, 30, 11, 11);
INSERT INTO Libro (id_libro, titulo, anio_publicacion, precio, stock, id_editorial, id_categoria) VALUES (11, 'Libro 11', 1991, 5550, 31, 12, 12);
INSERT INTO Libro (id_libro, titulo, anio_publicacion, precio, stock, id_editorial, id_categoria) VALUES (12, 'Libro 12', 1992, 5600, 32, 13, 1);
INSERT INTO Libro (id_libro, titulo, anio_publicacion, precio, stock, id_editorial, id_categoria) VALUES (13, 'Libro 13', 1993, 5650, 33, 14, 2);
INSERT INTO Libro (id_libro, titulo, anio_publicacion, precio, stock, id_editorial, id_categoria) VALUES (14, 'Libro 14', 1994, 5700, 34, 15, 3);
INSERT INTO Libro (id_libro, titulo, anio_publicacion, precio, stock, id_editorial, id_categoria) VALUES (15, 'Libro 15', 1995, 5750, 35, 1, 4);
INSERT INTO Libro (id_libro, titulo, anio_publicacion, precio, stock, id_editorial, id_categoria) VALUES (16, 'Libro 16', 1996, 5800, 36, 2, 5);
INSERT INTO Libro (id_libro, titulo, anio_publicacion, precio, stock, id_editorial, id_categoria) VALUES (17, 'Libro 17', 1997, 5850, 37, 3, 6);
INSERT INTO Libro (id_libro, titulo, anio_publicacion, precio, stock, id_editorial, id_categoria) VALUES (18, 'Libro 18', 1998, 5900, 38, 4, 7);
INSERT INTO Libro (id_libro, titulo, anio_publicacion, precio, stock, id_editorial, id_categoria) VALUES (19, 'Libro 19', 1999, 5950, 39, 5, 8);
INSERT INTO Libro (id_libro, titulo, anio_publicacion, precio, stock, id_editorial, id_categoria) VALUES (20, 'Libro 20', 2000, 6000, 40, 6, 9);
INSERT INTO Libro (id_libro, titulo, anio_publicacion, precio, stock, id_editorial, id_categoria) VALUES (21, 'Libro 21', 2001, 6050, 41, 7, 10);
INSERT INTO Libro (id_libro, titulo, anio_publicacion, precio, stock, id_editorial, id_categoria) VALUES (22, 'Libro 22', 2002, 6100, 42, 8, 11);
INSERT INTO Libro (id_libro, titulo, anio_publicacion, precio, stock, id_editorial, id_categoria) VALUES (23, 'Libro 23', 2003, 6150, 43, 9, 12);
INSERT INTO Libro (id_libro, titulo, anio_publicacion, precio, stock, id_editorial, id_categoria) VALUES (24, 'Libro 24', 2004, 6200, 44, 10, 1);
INSERT INTO Libro (id_libro, titulo, anio_publicacion, precio, stock, id_editorial, id_categoria) VALUES (25, 'Libro 25', 2005, 6250, 45, 11, 2);
INSERT INTO Libro (id_libro, titulo, anio_publicacion, precio, stock, id_editorial, id_categoria) VALUES (26, 'Libro 26', 2006, 6300, 46, 12, 3);
INSERT INTO Libro (id_libro, titulo, anio_publicacion, precio, stock, id_editorial, id_categoria) VALUES (27, 'Libro 27', 2007, 6350, 47, 13, 4);
INSERT INTO Libro (id_libro, titulo, anio_publicacion, precio, stock, id_editorial, id_categoria) VALUES (28, 'Libro 28', 2008, 6400, 48, 14, 5);
INSERT INTO Libro (id_libro, titulo, anio_publicacion, precio, stock, id_editorial, id_categoria) VALUES (29, 'Libro 29', 2009, 6450, 49, 15, 6);
INSERT INTO Libro (id_libro, titulo, anio_publicacion, precio, stock, id_editorial, id_categoria) VALUES (30, 'Libro 30', 2010, 6500, 20, 1, 7);
INSERT INTO Libro (id_libro, titulo, anio_publicacion, precio, stock, id_editorial, id_categoria) VALUES (31, 'Libro 31', 2011, 6550, 21, 2, 8);
INSERT INTO Libro (id_libro, titulo, anio_publicacion, precio, stock, id_editorial, id_categoria) VALUES (32, 'Libro 32', 2012, 6600, 22, 3, 9);
INSERT INTO Libro (id_libro, titulo, anio_publicacion, precio, stock, id_editorial, id_categoria) VALUES (33, 'Libro 33', 2013, 6650, 23, 4, 10);
INSERT INTO Libro (id_libro, titulo, anio_publicacion, precio, stock, id_editorial, id_categoria) VALUES (34, 'Libro 34', 2014, 6700, 24, 5, 11);
INSERT INTO Libro (id_libro, titulo, anio_publicacion, precio, stock, id_editorial, id_categoria) VALUES (35, 'Libro 35', 2015, 6750, 25, 6, 12);
INSERT INTO Libro (id_libro, titulo, anio_publicacion, precio, stock, id_editorial, id_categoria) VALUES (36, 'Libro 36', 2016, 6800, 26, 7, 1);
INSERT INTO Libro (id_libro, titulo, anio_publicacion, precio, stock, id_editorial, id_categoria) VALUES (37, 'Libro 37', 2017, 6850, 27, 8, 2);
INSERT INTO Libro (id_libro, titulo, anio_publicacion, precio, stock, id_editorial, id_categoria) VALUES (38, 'Libro 38', 2018, 6900, 28, 9, 3);
INSERT INTO Libro (id_libro, titulo, anio_publicacion, precio, stock, id_editorial, id_categoria) VALUES (39, 'Libro 39', 2019, 6950, 29, 10, 4);
INSERT INTO Libro (id_libro, titulo, anio_publicacion, precio, stock, id_editorial, id_categoria) VALUES (40, 'Libro 40', 1980, 7000, 30, 11, 5);
INSERT INTO Libro (id_libro, titulo, anio_publicacion, precio, stock, id_editorial, id_categoria) VALUES (41, 'Libro 41', 1981, 7050, 31, 12, 6);
INSERT INTO Libro (id_libro, titulo, anio_publicacion, precio, stock, id_editorial, id_categoria) VALUES (42, 'Libro 42', 1982, 7100, 32, 13, 7);
INSERT INTO Libro (id_libro, titulo, anio_publicacion, precio, stock, id_editorial, id_categoria) VALUES (43, 'Libro 43', 1983, 7150, 33, 14, 8);
INSERT INTO Libro (id_libro, titulo, anio_publicacion, precio, stock, id_editorial, id_categoria) VALUES (44, 'Libro 44', 1984, 7200, 34, 15, 9);
INSERT INTO Libro (id_libro, titulo, anio_publicacion, precio, stock, id_editorial, id_categoria) VALUES (45, 'Libro 45', 1985, 7250, 35, 1, 10);
INSERT INTO Libro (id_libro, titulo, anio_publicacion, precio, stock, id_editorial, id_categoria) VALUES (46, 'Libro 46', 1986, 7300, 36, 2, 11);
INSERT INTO Libro (id_libro, titulo, anio_publicacion, precio, stock, id_editorial, id_categoria) VALUES (47, 'Libro 47', 1987, 7350, 37, 3, 12);
INSERT INTO Libro (id_libro, titulo, anio_publicacion, precio, stock, id_editorial, id_categoria) VALUES (48, 'Libro 48', 1988, 7400, 38, 4, 1);
INSERT INTO Libro (id_libro, titulo, anio_publicacion, precio, stock, id_editorial, id_categoria) VALUES (49, 'Libro 49', 1989, 7450, 39, 5, 2);
INSERT INTO Libro (id_libro, titulo, anio_publicacion, precio, stock, id_editorial, id_categoria) VALUES (50, 'Libro 50', 1990, 7500, 40, 6, 3);
INSERT INTO Libro (id_libro, titulo, anio_publicacion, precio, stock, id_editorial, id_categoria) VALUES (51, 'Libro 51', 1991, 7550, 41, 7, 4);
INSERT INTO Libro (id_libro, titulo, anio_publicacion, precio, stock, id_editorial, id_categoria) VALUES (52, 'Libro 52', 1992, 7600, 42, 8, 5);
INSERT INTO Libro (id_libro, titulo, anio_publicacion, precio, stock, id_editorial, id_categoria) VALUES (53, 'Libro 53', 1993, 7650, 43, 9, 6);
INSERT INTO Libro (id_libro, titulo, anio_publicacion, precio, stock, id_editorial, id_categoria) VALUES (54, 'Libro 54', 1994, 7700, 44, 10, 7);
INSERT INTO Libro (id_libro, titulo, anio_publicacion, precio, stock, id_editorial, id_categoria) VALUES (55, 'Libro 55', 1995, 7750, 45, 11, 8);
INSERT INTO Libro (id_libro, titulo, anio_publicacion, precio, stock, id_editorial, id_categoria) VALUES (56, 'Libro 56', 1996, 7800, 46, 12, 9);
INSERT INTO Libro (id_libro, titulo, anio_publicacion, precio, stock, id_editorial, id_categoria) VALUES (57, 'Libro 57', 1997, 7850, 47, 13, 10);
INSERT INTO Libro (id_libro, titulo, anio_publicacion, precio, stock, id_editorial, id_categoria) VALUES (58, 'Libro 58', 1998, 7900, 48, 14, 11);
INSERT INTO Libro (id_libro, titulo, anio_publicacion, precio, stock, id_editorial, id_categoria) VALUES (59, 'Libro 59', 1999, 7950, 49, 15, 12);
INSERT INTO Libro (id_libro, titulo, anio_publicacion, precio, stock, id_editorial, id_categoria) VALUES (60, 'Libro 60', 2000, 8000, 20, 1, 1);
INSERT INTO Libro (id_libro, titulo, anio_publicacion, precio, stock, id_editorial, id_categoria) VALUES (61, 'Libro 61', 2001, 8050, 21, 2, 2);
INSERT INTO Libro (id_libro, titulo, anio_publicacion, precio, stock, id_editorial, id_categoria) VALUES (62, 'Libro 62', 2002, 8100, 22, 3, 3);
INSERT INTO Libro (id_libro, titulo, anio_publicacion, precio, stock, id_editorial, id_categoria) VALUES (63, 'Libro 63', 2003, 8150, 23, 4, 4);
INSERT INTO Libro (id_libro, titulo, anio_publicacion, precio, stock, id_editorial, id_categoria) VALUES (64, 'Libro 64', 2004, 8200, 24, 5, 5);
INSERT INTO Libro (id_libro, titulo, anio_publicacion, precio, stock, id_editorial, id_categoria) VALUES (65, 'Libro 65', 2005, 8250, 25, 6, 6);
INSERT INTO Libro (id_libro, titulo, anio_publicacion, precio, stock, id_editorial, id_categoria) VALUES (66, 'Libro 66', 2006, 8300, 26, 7, 7);
INSERT INTO Libro (id_libro, titulo, anio_publicacion, precio, stock, id_editorial, id_categoria) VALUES (67, 'Libro 67', 2007, 8350, 27, 8, 8);
INSERT INTO Libro (id_libro, titulo, anio_publicacion, precio, stock, id_editorial, id_categoria) VALUES (68, 'Libro 68', 2008, 8400, 28, 9, 9);
INSERT INTO Libro (id_libro, titulo, anio_publicacion, precio, stock, id_editorial, id_categoria) VALUES (69, 'Libro 69', 2009, 8450, 29, 10, 10);
INSERT INTO Libro (id_libro, titulo, anio_publicacion, precio, stock, id_editorial, id_categoria) VALUES (70, 'Libro 70', 2010, 8500, 30, 11, 11);
INSERT INTO Libro (id_libro, titulo, anio_publicacion, precio, stock, id_editorial, id_categoria) VALUES (71, 'Libro 71', 2011, 8550, 31, 12, 12);
INSERT INTO Libro (id_libro, titulo, anio_publicacion, precio, stock, id_editorial, id_categoria) VALUES (72, 'Libro 72', 2012, 8600, 32, 13, 1);
INSERT INTO Libro (id_libro, titulo, anio_publicacion, precio, stock, id_editorial, id_categoria) VALUES (73, 'Libro 73', 2013, 8650, 33, 14, 2);
INSERT INTO Libro (id_libro, titulo, anio_publicacion, precio, stock, id_editorial, id_categoria) VALUES (74, 'Libro 74', 2014, 8700, 34, 15, 3);
INSERT INTO Libro (id_libro, titulo, anio_publicacion, precio, stock, id_editorial, id_categoria) VALUES (75, 'Libro 75', 2015, 8750, 35, 1, 4);
INSERT INTO Libro (id_libro, titulo, anio_publicacion, precio, stock, id_editorial, id_categoria) VALUES (76, 'Libro 76', 2016, 8800, 36, 2, 5);
INSERT INTO Libro (id_libro, titulo, anio_publicacion, precio, stock, id_editorial, id_categoria) VALUES (77, 'Libro 77', 2017, 8850, 37, 3, 6);
INSERT INTO Libro (id_libro, titulo, anio_publicacion, precio, stock, id_editorial, id_categoria) VALUES (78, 'Libro 78', 2018, 8900, 38, 4, 7);
INSERT INTO Libro (id_libro, titulo, anio_publicacion, precio, stock, id_editorial, id_categoria) VALUES (79, 'Libro 79', 2019, 8950, 39, 5, 8);
INSERT INTO Libro (id_libro, titulo, anio_publicacion, precio, stock, id_editorial, id_categoria) VALUES (80, 'Libro 80', 1980, 9000, 40, 6, 9);
INSERT INTO Libro (id_libro, titulo, anio_publicacion, precio, stock, id_editorial, id_categoria) VALUES (81, 'Libro 81', 1981, 9050, 41, 7, 10);
INSERT INTO Libro (id_libro, titulo, anio_publicacion, precio, stock, id_editorial, id_categoria) VALUES (82, 'Libro 82', 1982, 9100, 42, 8, 11);
INSERT INTO Libro (id_libro, titulo, anio_publicacion, precio, stock, id_editorial, id_categoria) VALUES (83, 'Libro 83', 1983, 9150, 43, 9, 12);
INSERT INTO Libro (id_libro, titulo, anio_publicacion, precio, stock, id_editorial, id_categoria) VALUES (84, 'Libro 84', 1984, 9200, 44, 10, 1);
INSERT INTO Libro (id_libro, titulo, anio_publicacion, precio, stock, id_editorial, id_categoria) VALUES (85, 'Libro 85', 1985, 9250, 45, 11, 2);
INSERT INTO Libro (id_libro, titulo, anio_publicacion, precio, stock, id_editorial, id_categoria) VALUES (86, 'Libro 86', 1986, 9300, 46, 12, 3);
INSERT INTO Libro (id_libro, titulo, anio_publicacion, precio, stock, id_editorial, id_categoria) VALUES (87, 'Libro 87', 1987, 9350, 47, 13, 4);
INSERT INTO Libro (id_libro, titulo, anio_publicacion, precio, stock, id_editorial, id_categoria) VALUES (88, 'Libro 88', 1988, 9400, 48, 14, 5);
INSERT INTO Libro (id_libro, titulo, anio_publicacion, precio, stock, id_editorial, id_categoria) VALUES (89, 'Libro 89', 1989, 9450, 49, 15, 6);
INSERT INTO Libro (id_libro, titulo, anio_publicacion, precio, stock, id_editorial, id_categoria) VALUES (90, 'Libro 90', 1990, 9500, 20, 1, 7);
INSERT INTO Libro (id_libro, titulo, anio_publicacion, precio, stock, id_editorial, id_categoria) VALUES (91, 'Libro 91', 1991, 9550, 21, 2, 8);
INSERT INTO Libro (id_libro, titulo, anio_publicacion, precio, stock, id_editorial, id_categoria) VALUES (92, 'Libro 92', 1992, 9600, 22, 3, 9);
INSERT INTO Libro (id_libro, titulo, anio_publicacion, precio, stock, id_editorial, id_categoria) VALUES (93, 'Libro 93', 1993, 9650, 23, 4, 10);
INSERT INTO Libro (id_libro, titulo, anio_publicacion, precio, stock, id_editorial, id_categoria) VALUES (94, 'Libro 94', 1994, 9700, 24, 5, 11);
INSERT INTO Libro (id_libro, titulo, anio_publicacion, precio, stock, id_editorial, id_categoria) VALUES (95, 'Libro 95', 1995, 9750, 25, 6, 12);
INSERT INTO Libro (id_libro, titulo, anio_publicacion, precio, stock, id_editorial, id_categoria) VALUES (96, 'Libro 96', 1996, 9800, 26, 7, 1);
INSERT INTO Libro (id_libro, titulo, anio_publicacion, precio, stock, id_editorial, id_categoria) VALUES (97, 'Libro 97', 1997, 9850, 27, 8, 2);
INSERT INTO Libro (id_libro, titulo, anio_publicacion, precio, stock, id_editorial, id_categoria) VALUES (98, 'Libro 98', 1998, 9900, 28, 9, 3);
INSERT INTO Libro (id_libro, titulo, anio_publicacion, precio, stock, id_editorial, id_categoria) VALUES (99, 'Libro 99', 1999, 9950, 29, 10, 4);
INSERT INTO Libro (id_libro, titulo, anio_publicacion, precio, stock, id_editorial, id_categoria) VALUES (100, 'Libro 100', 2000, 10000, 30, 11, 5);
INSERT INTO Libro (id_libro, titulo, anio_publicacion, precio, stock, id_editorial, id_categoria) VALUES (101, 'Libro 101', 2001, 10050, 31, 12, 6);
INSERT INTO Libro (id_libro, titulo, anio_publicacion, precio, stock, id_editorial, id_categoria) VALUES (102, 'Libro 102', 2002, 10100, 32, 13, 7);
INSERT INTO Libro (id_libro, titulo, anio_publicacion, precio, stock, id_editorial, id_categoria) VALUES (103, 'Libro 103', 2003, 10150, 33, 14, 8);
INSERT INTO Libro (id_libro, titulo, anio_publicacion, precio, stock, id_editorial, id_categoria) VALUES (104, 'Libro 104', 2004, 10200, 34, 15, 9);
INSERT INTO Libro (id_libro, titulo, anio_publicacion, precio, stock, id_editorial, id_categoria) VALUES (105, 'Libro 105', 2005, 10250, 35, 1, 10);
INSERT INTO Libro (id_libro, titulo, anio_publicacion, precio, stock, id_editorial, id_categoria) VALUES (106, 'Libro 106', 2006, 10300, 36, 2, 11);
INSERT INTO Libro (id_libro, titulo, anio_publicacion, precio, stock, id_editorial, id_categoria) VALUES (107, 'Libro 107', 2007, 10350, 37, 3, 12);
INSERT INTO Libro (id_libro, titulo, anio_publicacion, precio, stock, id_editorial, id_categoria) VALUES (108, 'Libro 108', 2008, 10400, 38, 4, 1);
INSERT INTO Libro (id_libro, titulo, anio_publicacion, precio, stock, id_editorial, id_categoria) VALUES (109, 'Libro 109', 2009, 10450, 39, 5, 2);
INSERT INTO Libro (id_libro, titulo, anio_publicacion, precio, stock, id_editorial, id_categoria) VALUES (110, 'Libro 110', 2010, 10500, 40, 6, 3);
INSERT INTO Libro (id_libro, titulo, anio_publicacion, precio, stock, id_editorial, id_categoria) VALUES (111, 'Libro 111', 2011, 10550, 41, 7, 4);
INSERT INTO Libro (id_libro, titulo, anio_publicacion, precio, stock, id_editorial, id_categoria) VALUES (112, 'Libro 112', 2012, 10600, 42, 8, 5);
INSERT INTO Libro (id_libro, titulo, anio_publicacion, precio, stock, id_editorial, id_categoria) VALUES (113, 'Libro 113', 2013, 10650, 43, 9, 6);
INSERT INTO Libro (id_libro, titulo, anio_publicacion, precio, stock, id_editorial, id_categoria) VALUES (114, 'Libro 114', 2014, 10700, 44, 10, 7);
INSERT INTO Libro (id_libro, titulo, anio_publicacion, precio, stock, id_editorial, id_categoria) VALUES (115, 'Libro 115', 2015, 10750, 45, 11, 8);
INSERT INTO Libro (id_libro, titulo, anio_publicacion, precio, stock, id_editorial, id_categoria) VALUES (116, 'Libro 116', 2016, 10800, 46, 12, 9);
INSERT INTO Libro (id_libro, titulo, anio_publicacion, precio, stock, id_editorial, id_categoria) VALUES (117, 'Libro 117', 2017, 10850, 47, 13, 10);
INSERT INTO Libro (id_libro, titulo, anio_publicacion, precio, stock, id_editorial, id_categoria) VALUES (118, 'Libro 118', 2018, 10900, 48, 14, 11);
INSERT INTO Libro (id_libro, titulo, anio_publicacion, precio, stock, id_editorial, id_categoria) VALUES (119, 'Libro 119', 2019, 10950, 49, 15, 12);
INSERT INTO Libro (id_libro, titulo, anio_publicacion, precio, stock, id_editorial, id_categoria) VALUES (120, 'Libro 120', 1980, 11000, 20, 1, 1);
INSERT INTO Proveedor (id_proveedor, nombre, contacto) VALUES (1, 'Proveedor 1', 'prov1@mail.com');
INSERT INTO Proveedor (id_proveedor, nombre, contacto) VALUES (2, 'Proveedor 2', 'prov2@mail.com');
INSERT INTO Proveedor (id_proveedor, nombre, contacto) VALUES (3, 'Proveedor 3', 'prov3@mail.com');
INSERT INTO Proveedor (id_proveedor, nombre, contacto) VALUES (4, 'Proveedor 4', 'prov4@mail.com');
INSERT INTO Proveedor (id_proveedor, nombre, contacto) VALUES (5, 'Proveedor 5', 'prov5@mail.com');
INSERT INTO Proveedor (id_proveedor, nombre, contacto) VALUES (6, 'Proveedor 6', 'prov6@mail.com');
INSERT INTO Proveedor (id_proveedor, nombre, contacto) VALUES (7, 'Proveedor 7', 'prov7@mail.com');
INSERT INTO Proveedor (id_proveedor, nombre, contacto) VALUES (8, 'Proveedor 8', 'prov8@mail.com');
INSERT INTO Proveedor (id_proveedor, nombre, contacto) VALUES (9, 'Proveedor 9', 'prov9@mail.com');
INSERT INTO Proveedor (id_proveedor, nombre, contacto) VALUES (10, 'Proveedor 10', 'prov10@mail.com');
INSERT INTO Proveedor (id_proveedor, nombre, contacto) VALUES (11, 'Proveedor 11', 'prov11@mail.com');
INSERT INTO Proveedor (id_proveedor, nombre, contacto) VALUES (12, 'Proveedor 12', 'prov12@mail.com');
INSERT INTO Proveedor (id_proveedor, nombre, contacto) VALUES (13, 'Proveedor 13', 'prov13@mail.com');
INSERT INTO Proveedor (id_proveedor, nombre, contacto) VALUES (14, 'Proveedor 14', 'prov14@mail.com');
INSERT INTO Proveedor (id_proveedor, nombre, contacto) VALUES (15, 'Proveedor 15', 'prov15@mail.com');
INSERT INTO Compra (id_compra, id_proveedor, fecha, total) VALUES (1, 2, '2025-09-17', 0);
INSERT INTO Compra (id_compra, id_proveedor, fecha, total) VALUES (2, 3, '2025-09-16', 0);
INSERT INTO Compra (id_compra, id_proveedor, fecha, total) VALUES (3, 4, '2025-09-15', 0);
INSERT INTO Compra (id_compra, id_proveedor, fecha, total) VALUES (4, 5, '2025-09-14', 0);
INSERT INTO Compra (id_compra, id_proveedor, fecha, total) VALUES (5, 6, '2025-09-13', 0);
INSERT INTO Compra (id_compra, id_proveedor, fecha, total) VALUES (6, 7, '2025-09-12', 0);
INSERT INTO Compra (id_compra, id_proveedor, fecha, total) VALUES (7, 8, '2025-09-11', 0);
INSERT INTO Compra (id_compra, id_proveedor, fecha, total) VALUES (8, 9, '2025-09-10', 0);
INSERT INTO Compra (id_compra, id_proveedor, fecha, total) VALUES (9, 10, '2025-09-09', 0);
INSERT INTO Compra (id_compra, id_proveedor, fecha, total) VALUES (10, 11, '2025-09-08', 0);
INSERT INTO Compra (id_compra, id_proveedor, fecha, total) VALUES (11, 12, '2025-09-07', 0);
INSERT INTO Compra (id_compra, id_proveedor, fecha, total) VALUES (12, 13, '2025-09-06', 0);
INSERT INTO Compra (id_compra, id_proveedor, fecha, total) VALUES (13, 14, '2025-09-05', 0);
INSERT INTO Compra (id_compra, id_proveedor, fecha, total) VALUES (14, 15, '2025-09-04', 0);
INSERT INTO Compra (id_compra, id_proveedor, fecha, total) VALUES (15, 1, '2025-09-03', 0);
INSERT INTO Compra (id_compra, id_proveedor, fecha, total) VALUES (16, 2, '2025-09-02', 0);
INSERT INTO Compra (id_compra, id_proveedor, fecha, total) VALUES (17, 3, '2025-09-01', 0);
INSERT INTO Compra (id_compra, id_proveedor, fecha, total) VALUES (18, 4, '2025-08-31', 0);
INSERT INTO Compra (id_compra, id_proveedor, fecha, total) VALUES (19, 5, '2025-08-30', 0);
INSERT INTO Compra (id_compra, id_proveedor, fecha, total) VALUES (20, 6, '2025-08-29', 0);
INSERT INTO Compra (id_compra, id_proveedor, fecha, total) VALUES (21, 7, '2025-08-28', 0);
INSERT INTO Compra (id_compra, id_proveedor, fecha, total) VALUES (22, 8, '2025-08-27', 0);
INSERT INTO Compra (id_compra, id_proveedor, fecha, total) VALUES (23, 9, '2025-08-26', 0);
INSERT INTO Compra (id_compra, id_proveedor, fecha, total) VALUES (24, 10, '2025-08-25', 0);
INSERT INTO Compra (id_compra, id_proveedor, fecha, total) VALUES (25, 11, '2025-08-24', 0);
INSERT INTO Compra (id_compra, id_proveedor, fecha, total) VALUES (26, 12, '2025-08-23', 0);
INSERT INTO Compra (id_compra, id_proveedor, fecha, total) VALUES (27, 13, '2025-08-22', 0);
INSERT INTO Compra (id_compra, id_proveedor, fecha, total) VALUES (28, 14, '2025-08-21', 0);
INSERT INTO Compra (id_compra, id_proveedor, fecha, total) VALUES (29, 15, '2025-08-20', 0);
INSERT INTO Compra (id_compra, id_proveedor, fecha, total) VALUES (30, 1, '2025-08-19', 0);
INSERT INTO Compra (id_compra, id_proveedor, fecha, total) VALUES (31, 2, '2025-08-18', 0);
INSERT INTO Compra (id_compra, id_proveedor, fecha, total) VALUES (32, 3, '2025-08-17', 0);
INSERT INTO Compra (id_compra, id_proveedor, fecha, total) VALUES (33, 4, '2025-08-16', 0);
INSERT INTO Compra (id_compra, id_proveedor, fecha, total) VALUES (34, 5, '2025-08-15', 0);
INSERT INTO Compra (id_compra, id_proveedor, fecha, total) VALUES (35, 6, '2025-08-14', 0);
INSERT INTO Compra (id_compra, id_proveedor, fecha, total) VALUES (36, 7, '2025-08-13', 0);
INSERT INTO Compra (id_compra, id_proveedor, fecha, total) VALUES (37, 8, '2025-08-12', 0);
INSERT INTO Compra (id_compra, id_proveedor, fecha, total) VALUES (38, 9, '2025-08-11', 0);
INSERT INTO Compra (id_compra, id_proveedor, fecha, total) VALUES (39, 10, '2025-08-10', 0);
INSERT INTO Compra (id_compra, id_proveedor, fecha, total) VALUES (40, 11, '2025-08-09', 0);
INSERT INTO DetalleCompra (id_detalle_compra, id_compra, id_libro, cantidad, precio_unitario) VALUES (1, 2, 2, 2, 7010);
INSERT INTO DetalleCompra (id_detalle_compra, id_compra, id_libro, cantidad, precio_unitario) VALUES (2, 3, 3, 3, 7020);
INSERT INTO DetalleCompra (id_detalle_compra, id_compra, id_libro, cantidad, precio_unitario) VALUES (3, 4, 4, 4, 7030);
INSERT INTO DetalleCompra (id_detalle_compra, id_compra, id_libro, cantidad, precio_unitario) VALUES (4, 5, 5, 5, 7040);
INSERT INTO DetalleCompra (id_detalle_compra, id_compra, id_libro, cantidad, precio_unitario) VALUES (5, 6, 6, 1, 7050);
INSERT INTO DetalleCompra (id_detalle_compra, id_compra, id_libro, cantidad, precio_unitario) VALUES (6, 7, 7, 2, 7060);
INSERT INTO DetalleCompra (id_detalle_compra, id_compra, id_libro, cantidad, precio_unitario) VALUES (7, 8, 8, 3, 7070);
INSERT INTO DetalleCompra (id_detalle_compra, id_compra, id_libro, cantidad, precio_unitario) VALUES (8, 9, 9, 4, 7080);
INSERT INTO DetalleCompra (id_detalle_compra, id_compra, id_libro, cantidad, precio_unitario) VALUES (9, 10, 10, 5, 7090);
INSERT INTO DetalleCompra (id_detalle_compra, id_compra, id_libro, cantidad, precio_unitario) VALUES (10, 11, 11, 1, 7100);
INSERT INTO DetalleCompra (id_detalle_compra, id_compra, id_libro, cantidad, precio_unitario) VALUES (11, 12, 12, 2, 7110);
INSERT INTO DetalleCompra (id_detalle_compra, id_compra, id_libro, cantidad, precio_unitario) VALUES (12, 13, 13, 3, 7120);
INSERT INTO DetalleCompra (id_detalle_compra, id_compra, id_libro, cantidad, precio_unitario) VALUES (13, 14, 14, 4, 7130);
INSERT INTO DetalleCompra (id_detalle_compra, id_compra, id_libro, cantidad, precio_unitario) VALUES (14, 15, 15, 5, 7140);
INSERT INTO DetalleCompra (id_detalle_compra, id_compra, id_libro, cantidad, precio_unitario) VALUES (15, 16, 16, 1, 7150);
INSERT INTO DetalleCompra (id_detalle_compra, id_compra, id_libro, cantidad, precio_unitario) VALUES (16, 17, 17, 2, 7160);
INSERT INTO DetalleCompra (id_detalle_compra, id_compra, id_libro, cantidad, precio_unitario) VALUES (17, 18, 18, 3, 7170);
INSERT INTO DetalleCompra (id_detalle_compra, id_compra, id_libro, cantidad, precio_unitario) VALUES (18, 19, 19, 4, 7180);
INSERT INTO DetalleCompra (id_detalle_compra, id_compra, id_libro, cantidad, precio_unitario) VALUES (19, 20, 20, 5, 7190);
INSERT INTO DetalleCompra (id_detalle_compra, id_compra, id_libro, cantidad, precio_unitario) VALUES (20, 21, 21, 1, 7200);
INSERT INTO DetalleCompra (id_detalle_compra, id_compra, id_libro, cantidad, precio_unitario) VALUES (21, 22, 22, 2, 7210);
INSERT INTO DetalleCompra (id_detalle_compra, id_compra, id_libro, cantidad, precio_unitario) VALUES (22, 23, 23, 3, 7220);
INSERT INTO DetalleCompra (id_detalle_compra, id_compra, id_libro, cantidad, precio_unitario) VALUES (23, 24, 24, 4, 7230);
INSERT INTO DetalleCompra (id_detalle_compra, id_compra, id_libro, cantidad, precio_unitario) VALUES (24, 25, 25, 5, 7240);
INSERT INTO DetalleCompra (id_detalle_compra, id_compra, id_libro, cantidad, precio_unitario) VALUES (25, 26, 26, 1, 7250);
INSERT INTO DetalleCompra (id_detalle_compra, id_compra, id_libro, cantidad, precio_unitario) VALUES (26, 27, 27, 2, 7260);
INSERT INTO DetalleCompra (id_detalle_compra, id_compra, id_libro, cantidad, precio_unitario) VALUES (27, 28, 28, 3, 7270);
INSERT INTO DetalleCompra (id_detalle_compra, id_compra, id_libro, cantidad, precio_unitario) VALUES (28, 29, 29, 4, 7280);
INSERT INTO DetalleCompra (id_detalle_compra, id_compra, id_libro, cantidad, precio_unitario) VALUES (29, 30, 30, 5, 7290);
INSERT INTO DetalleCompra (id_detalle_compra, id_compra, id_libro, cantidad, precio_unitario) VALUES (30, 31, 31, 1, 7300);
INSERT INTO DetalleCompra (id_detalle_compra, id_compra, id_libro, cantidad, precio_unitario) VALUES (31, 32, 32, 2, 7310);
INSERT INTO DetalleCompra (id_detalle_compra, id_compra, id_libro, cantidad, precio_unitario) VALUES (32, 33, 33, 3, 7320);
INSERT INTO DetalleCompra (id_detalle_compra, id_compra, id_libro, cantidad, precio_unitario) VALUES (33, 34, 34, 4, 7330);
INSERT INTO DetalleCompra (id_detalle_compra, id_compra, id_libro, cantidad, precio_unitario) VALUES (34, 35, 35, 5, 7340);
INSERT INTO DetalleCompra (id_detalle_compra, id_compra, id_libro, cantidad, precio_unitario) VALUES (35, 36, 36, 1, 7350);
INSERT INTO DetalleCompra (id_detalle_compra, id_compra, id_libro, cantidad, precio_unitario) VALUES (36, 37, 37, 2, 7360);
INSERT INTO DetalleCompra (id_detalle_compra, id_compra, id_libro, cantidad, precio_unitario) VALUES (37, 38, 38, 3, 7370);
INSERT INTO DetalleCompra (id_detalle_compra, id_compra, id_libro, cantidad, precio_unitario) VALUES (38, 39, 39, 4, 7380);
INSERT INTO DetalleCompra (id_detalle_compra, id_compra, id_libro, cantidad, precio_unitario) VALUES (39, 40, 40, 5, 7390);
INSERT INTO DetalleCompra (id_detalle_compra, id_compra, id_libro, cantidad, precio_unitario) VALUES (40, 1, 41, 1, 7400);
INSERT INTO DetalleCompra (id_detalle_compra, id_compra, id_libro, cantidad, precio_unitario) VALUES (41, 2, 42, 2, 7410);
INSERT INTO DetalleCompra (id_detalle_compra, id_compra, id_libro, cantidad, precio_unitario) VALUES (42, 3, 43, 3, 7420);
INSERT INTO DetalleCompra (id_detalle_compra, id_compra, id_libro, cantidad, precio_unitario) VALUES (43, 4, 44, 4, 7430);
INSERT INTO DetalleCompra (id_detalle_compra, id_compra, id_libro, cantidad, precio_unitario) VALUES (44, 5, 45, 5, 7440);
INSERT INTO DetalleCompra (id_detalle_compra, id_compra, id_libro, cantidad, precio_unitario) VALUES (45, 6, 46, 1, 7450);
INSERT INTO DetalleCompra (id_detalle_compra, id_compra, id_libro, cantidad, precio_unitario) VALUES (46, 7, 47, 2, 7460);
INSERT INTO DetalleCompra (id_detalle_compra, id_compra, id_libro, cantidad, precio_unitario) VALUES (47, 8, 48, 3, 7470);
INSERT INTO DetalleCompra (id_detalle_compra, id_compra, id_libro, cantidad, precio_unitario) VALUES (48, 9, 49, 4, 7480);
INSERT INTO DetalleCompra (id_detalle_compra, id_compra, id_libro, cantidad, precio_unitario) VALUES (49, 10, 50, 5, 7490);
INSERT INTO DetalleCompra (id_detalle_compra, id_compra, id_libro, cantidad, precio_unitario) VALUES (50, 11, 51, 1, 7500);
INSERT INTO DetalleCompra (id_detalle_compra, id_compra, id_libro, cantidad, precio_unitario) VALUES (51, 12, 52, 2, 7510);
INSERT INTO DetalleCompra (id_detalle_compra, id_compra, id_libro, cantidad, precio_unitario) VALUES (52, 13, 53, 3, 7520);
INSERT INTO DetalleCompra (id_detalle_compra, id_compra, id_libro, cantidad, precio_unitario) VALUES (53, 14, 54, 4, 7530);
INSERT INTO DetalleCompra (id_detalle_compra, id_compra, id_libro, cantidad, precio_unitario) VALUES (54, 15, 55, 5, 7540);
INSERT INTO DetalleCompra (id_detalle_compra, id_compra, id_libro, cantidad, precio_unitario) VALUES (55, 16, 56, 1, 7550);
INSERT INTO DetalleCompra (id_detalle_compra, id_compra, id_libro, cantidad, precio_unitario) VALUES (56, 17, 57, 2, 7560);
INSERT INTO DetalleCompra (id_detalle_compra, id_compra, id_libro, cantidad, precio_unitario) VALUES (57, 18, 58, 3, 7570);
INSERT INTO DetalleCompra (id_detalle_compra, id_compra, id_libro, cantidad, precio_unitario) VALUES (58, 19, 59, 4, 7580);
INSERT INTO DetalleCompra (id_detalle_compra, id_compra, id_libro, cantidad, precio_unitario) VALUES (59, 20, 60, 5, 7590);
INSERT INTO DetalleCompra (id_detalle_compra, id_compra, id_libro, cantidad, precio_unitario) VALUES (60, 21, 61, 1, 7600);
INSERT INTO DetalleCompra (id_detalle_compra, id_compra, id_libro, cantidad, precio_unitario) VALUES (61, 22, 62, 2, 7610);
INSERT INTO DetalleCompra (id_detalle_compra, id_compra, id_libro, cantidad, precio_unitario) VALUES (62, 23, 63, 3, 7620);
INSERT INTO DetalleCompra (id_detalle_compra, id_compra, id_libro, cantidad, precio_unitario) VALUES (63, 24, 64, 4, 7630);
INSERT INTO DetalleCompra (id_detalle_compra, id_compra, id_libro, cantidad, precio_unitario) VALUES (64, 25, 65, 5, 7640);
INSERT INTO DetalleCompra (id_detalle_compra, id_compra, id_libro, cantidad, precio_unitario) VALUES (65, 26, 66, 1, 7650);
INSERT INTO DetalleCompra (id_detalle_compra, id_compra, id_libro, cantidad, precio_unitario) VALUES (66, 27, 67, 2, 7660);
INSERT INTO DetalleCompra (id_detalle_compra, id_compra, id_libro, cantidad, precio_unitario) VALUES (67, 28, 68, 3, 7670);
INSERT INTO DetalleCompra (id_detalle_compra, id_compra, id_libro, cantidad, precio_unitario) VALUES (68, 29, 69, 4, 7680);
INSERT INTO DetalleCompra (id_detalle_compra, id_compra, id_libro, cantidad, precio_unitario) VALUES (69, 30, 70, 5, 7690);
INSERT INTO DetalleCompra (id_detalle_compra, id_compra, id_libro, cantidad, precio_unitario) VALUES (70, 31, 71, 1, 7700);
INSERT INTO DetalleCompra (id_detalle_compra, id_compra, id_libro, cantidad, precio_unitario) VALUES (71, 32, 72, 2, 7710);
INSERT INTO DetalleCompra (id_detalle_compra, id_compra, id_libro, cantidad, precio_unitario) VALUES (72, 33, 73, 3, 7720);
INSERT INTO DetalleCompra (id_detalle_compra, id_compra, id_libro, cantidad, precio_unitario) VALUES (73, 34, 74, 4, 7730);
INSERT INTO DetalleCompra (id_detalle_compra, id_compra, id_libro, cantidad, precio_unitario) VALUES (74, 35, 75, 5, 7740);
INSERT INTO DetalleCompra (id_detalle_compra, id_compra, id_libro, cantidad, precio_unitario) VALUES (75, 36, 76, 1, 7750);
INSERT INTO DetalleCompra (id_detalle_compra, id_compra, id_libro, cantidad, precio_unitario) VALUES (76, 37, 77, 2, 7760);
INSERT INTO DetalleCompra (id_detalle_compra, id_compra, id_libro, cantidad, precio_unitario) VALUES (77, 38, 78, 3, 7770);
INSERT INTO DetalleCompra (id_detalle_compra, id_compra, id_libro, cantidad, precio_unitario) VALUES (78, 39, 79, 4, 7780);
INSERT INTO DetalleCompra (id_detalle_compra, id_compra, id_libro, cantidad, precio_unitario) VALUES (79, 40, 80, 5, 7790);
INSERT INTO DetalleCompra (id_detalle_compra, id_compra, id_libro, cantidad, precio_unitario) VALUES (80, 1, 81, 1, 7800);
INSERT INTO DetalleCompra (id_detalle_compra, id_compra, id_libro, cantidad, precio_unitario) VALUES (81, 2, 82, 2, 7810);
INSERT INTO DetalleCompra (id_detalle_compra, id_compra, id_libro, cantidad, precio_unitario) VALUES (82, 3, 83, 3, 7820);
INSERT INTO DetalleCompra (id_detalle_compra, id_compra, id_libro, cantidad, precio_unitario) VALUES (83, 4, 84, 4, 7830);
INSERT INTO DetalleCompra (id_detalle_compra, id_compra, id_libro, cantidad, precio_unitario) VALUES (84, 5, 85, 5, 7840);
INSERT INTO DetalleCompra (id_detalle_compra, id_compra, id_libro, cantidad, precio_unitario) VALUES (85, 6, 86, 1, 7850);
INSERT INTO DetalleCompra (id_detalle_compra, id_compra, id_libro, cantidad, precio_unitario) VALUES (86, 7, 87, 2, 7860);
INSERT INTO DetalleCompra (id_detalle_compra, id_compra, id_libro, cantidad, precio_unitario) VALUES (87, 8, 88, 3, 7870);
INSERT INTO DetalleCompra (id_detalle_compra, id_compra, id_libro, cantidad, precio_unitario) VALUES (88, 9, 89, 4, 7880);
INSERT INTO DetalleCompra (id_detalle_compra, id_compra, id_libro, cantidad, precio_unitario) VALUES (89, 10, 90, 5, 7890);
INSERT INTO DetalleCompra (id_detalle_compra, id_compra, id_libro, cantidad, precio_unitario) VALUES (90, 11, 91, 1, 7900);
INSERT INTO DetalleCompra (id_detalle_compra, id_compra, id_libro, cantidad, precio_unitario) VALUES (91, 12, 92, 2, 7910);
INSERT INTO DetalleCompra (id_detalle_compra, id_compra, id_libro, cantidad, precio_unitario) VALUES (92, 13, 93, 3, 7920);
INSERT INTO DetalleCompra (id_detalle_compra, id_compra, id_libro, cantidad, precio_unitario) VALUES (93, 14, 94, 4, 7930);
INSERT INTO DetalleCompra (id_detalle_compra, id_compra, id_libro, cantidad, precio_unitario) VALUES (94, 15, 95, 5, 7940);
INSERT INTO DetalleCompra (id_detalle_compra, id_compra, id_libro, cantidad, precio_unitario) VALUES (95, 16, 96, 1, 7950);
INSERT INTO DetalleCompra (id_detalle_compra, id_compra, id_libro, cantidad, precio_unitario) VALUES (96, 17, 97, 2, 7960);
INSERT INTO DetalleCompra (id_detalle_compra, id_compra, id_libro, cantidad, precio_unitario) VALUES (97, 18, 98, 3, 7970);
INSERT INTO DetalleCompra (id_detalle_compra, id_compra, id_libro, cantidad, precio_unitario) VALUES (98, 19, 99, 4, 7980);
INSERT INTO DetalleCompra (id_detalle_compra, id_compra, id_libro, cantidad, precio_unitario) VALUES (99, 20, 100, 5, 7990);
INSERT INTO DetalleCompra (id_detalle_compra, id_compra, id_libro, cantidad, precio_unitario) VALUES (100, 21, 101, 1, 8000);
INSERT INTO DetalleCompra (id_detalle_compra, id_compra, id_libro, cantidad, precio_unitario) VALUES (101, 22, 102, 2, 8010);
INSERT INTO DetalleCompra (id_detalle_compra, id_compra, id_libro, cantidad, precio_unitario) VALUES (102, 23, 103, 3, 8020);
INSERT INTO DetalleCompra (id_detalle_compra, id_compra, id_libro, cantidad, precio_unitario) VALUES (103, 24, 104, 4, 8030);
INSERT INTO DetalleCompra (id_detalle_compra, id_compra, id_libro, cantidad, precio_unitario) VALUES (104, 25, 105, 5, 8040);
INSERT INTO DetalleCompra (id_detalle_compra, id_compra, id_libro, cantidad, precio_unitario) VALUES (105, 26, 106, 1, 8050);
INSERT INTO DetalleCompra (id_detalle_compra, id_compra, id_libro, cantidad, precio_unitario) VALUES (106, 27, 107, 2, 8060);
INSERT INTO DetalleCompra (id_detalle_compra, id_compra, id_libro, cantidad, precio_unitario) VALUES (107, 28, 108, 3, 8070);
INSERT INTO DetalleCompra (id_detalle_compra, id_compra, id_libro, cantidad, precio_unitario) VALUES (108, 29, 109, 4, 8080);
INSERT INTO DetalleCompra (id_detalle_compra, id_compra, id_libro, cantidad, precio_unitario) VALUES (109, 30, 110, 5, 8090);
INSERT INTO DetalleCompra (id_detalle_compra, id_compra, id_libro, cantidad, precio_unitario) VALUES (110, 31, 111, 1, 8100);
INSERT INTO DetalleCompra (id_detalle_compra, id_compra, id_libro, cantidad, precio_unitario) VALUES (111, 32, 112, 2, 8110);
INSERT INTO DetalleCompra (id_detalle_compra, id_compra, id_libro, cantidad, precio_unitario) VALUES (112, 33, 113, 3, 8120);
INSERT INTO DetalleCompra (id_detalle_compra, id_compra, id_libro, cantidad, precio_unitario) VALUES (113, 34, 114, 4, 8130);
INSERT INTO DetalleCompra (id_detalle_compra, id_compra, id_libro, cantidad, precio_unitario) VALUES (114, 35, 115, 5, 8140);
INSERT INTO DetalleCompra (id_detalle_compra, id_compra, id_libro, cantidad, precio_unitario) VALUES (115, 36, 116, 1, 8150);
INSERT INTO DetalleCompra (id_detalle_compra, id_compra, id_libro, cantidad, precio_unitario) VALUES (116, 37, 117, 2, 8160);
INSERT INTO DetalleCompra (id_detalle_compra, id_compra, id_libro, cantidad, precio_unitario) VALUES (117, 38, 118, 3, 8170);
INSERT INTO DetalleCompra (id_detalle_compra, id_compra, id_libro, cantidad, precio_unitario) VALUES (118, 39, 119, 4, 8180);
INSERT INTO DetalleCompra (id_detalle_compra, id_compra, id_libro, cantidad, precio_unitario) VALUES (119, 40, 120, 5, 8190);
INSERT INTO DetalleCompra (id_detalle_compra, id_compra, id_libro, cantidad, precio_unitario) VALUES (120, 1, 1, 1, 7000);
INSERT INTO Sucursal (id_sucursal, nombre, direccion) VALUES (1, 'Sucursal 1', 'Calle 10 #101');
INSERT INTO Sucursal (id_sucursal, nombre, direccion) VALUES (2, 'Sucursal 2', 'Calle 20 #102');
INSERT INTO Sucursal (id_sucursal, nombre, direccion) VALUES (3, 'Sucursal 3', 'Calle 30 #103');
INSERT INTO Sucursal (id_sucursal, nombre, direccion) VALUES (4, 'Sucursal 4', 'Calle 40 #104');
INSERT INTO Empleado (id_empleado, nombre, apellido, id_sucursal) VALUES (1, 'Diego', 'Fernández', 2);
INSERT INTO Empleado (id_empleado, nombre, apellido, id_sucursal) VALUES (2, 'Lucía', 'Gómez', 3);
INSERT INTO Empleado (id_empleado, nombre, apellido, id_sucursal) VALUES (3, 'Martín', 'Martínez', 4);
INSERT INTO Empleado (id_empleado, nombre, apellido, id_sucursal) VALUES (4, 'Nicolás', 'Romero', 1);
INSERT INTO Empleado (id_empleado, nombre, apellido, id_sucursal) VALUES (5, 'Sofía', 'Rodríguez', 2);
INSERT INTO Empleado (id_empleado, nombre, apellido, id_sucursal) VALUES (6, 'Micaela', 'Álvarez', 3);
INSERT INTO Empleado (id_empleado, nombre, apellido, id_sucursal) VALUES (7, 'Lucía', 'Ruiz', 4);
INSERT INTO Empleado (id_empleado, nombre, apellido, id_sucursal) VALUES (8, 'Fernando', 'García', 1);
INSERT INTO Empleado (id_empleado, nombre, apellido, id_sucursal) VALUES (9, 'Fernando', 'Martínez', 2);
INSERT INTO Empleado (id_empleado, nombre, apellido, id_sucursal) VALUES (10, 'Rocío', 'Martínez', 3);
INSERT INTO Empleado (id_empleado, nombre, apellido, id_sucursal) VALUES (11, 'Noelia', 'Rossi', 4);
INSERT INTO Empleado (id_empleado, nombre, apellido, id_sucursal) VALUES (12, 'Micaela', 'Álvarez', 1);
INSERT INTO Empleado (id_empleado, nombre, apellido, id_sucursal) VALUES (13, 'Julián', 'Rodríguez', 2);
INSERT INTO Empleado (id_empleado, nombre, apellido, id_sucursal) VALUES (14, 'Juan', 'Rodríguez', 3);
INSERT INTO Empleado (id_empleado, nombre, apellido, id_sucursal) VALUES (15, 'Agustina', 'Romero', 4);
INSERT INTO Empleado (id_empleado, nombre, apellido, id_sucursal) VALUES (16, 'Paula', 'Sánchez', 1);
INSERT INTO Empleado (id_empleado, nombre, apellido, id_sucursal) VALUES (17, 'Nicolás', 'Martínez', 2);
INSERT INTO Empleado (id_empleado, nombre, apellido, id_sucursal) VALUES (18, 'Brenda', 'Rossi', 3);
INSERT INTO Empleado (id_empleado, nombre, apellido, id_sucursal) VALUES (19, 'Agustina', 'Martínez', 4);
INSERT INTO Empleado (id_empleado, nombre, apellido, id_sucursal) VALUES (20, 'María', 'Rodríguez', 1);
INSERT INTO Cliente (id_cliente, nombre, apellido, email, telefono, direccion) VALUES (1, 'Luis', 'Pérez', 'luis.pérez1@example.com', '1001-5001', 'Av. Corrientes 549');
INSERT INTO Cliente (id_cliente, nombre, apellido, email, telefono, direccion) VALUES (2, 'Noelia', 'Pérez', 'noelia.pérez2@example.com', '1002-5002', 'Av. Urquiza 95');
INSERT INTO Cliente (id_cliente, nombre, apellido, email, telefono, direccion) VALUES (3, 'Juan', 'Gómez', 'juan.gómez3@example.com', '1003-5003', 'Av. Corrientes 854');
INSERT INTO Cliente (id_cliente, nombre, apellido, email, telefono, direccion) VALUES (4, 'Micaela', 'Rossi', 'micaela.rossi4@example.com', '1004-5004', 'Av. Corrientes 883');
INSERT INTO Cliente (id_cliente, nombre, apellido, email, telefono, direccion) VALUES (5, 'Valentina', 'Torres', 'valentina.torres5@example.com', '1005-5005', 'Av. Corrientes 352');
INSERT INTO Cliente (id_cliente, nombre, apellido, email, telefono, direccion) VALUES (6, 'Tomás', 'García', 'tomás.garcía6@example.com', '1006-5006', 'Av. Corrientes 434');
INSERT INTO Cliente (id_cliente, nombre, apellido, email, telefono, direccion) VALUES (7, 'Diego', 'Álvarez', 'diego.álvarez7@example.com', '1007-5007', 'Av. San Martín 758');
INSERT INTO Cliente (id_cliente, nombre, apellido, email, telefono, direccion) VALUES (8, 'Lucía', 'Fernández', 'lucía.fernández8@example.com', '1008-5008', 'Av. Siempreviva 704');
INSERT INTO Cliente (id_cliente, nombre, apellido, email, telefono, direccion) VALUES (9, 'Pedro', 'Álvarez', 'pedro.álvarez9@example.com', '1009-5009', 'Av. Corrientes 26');
INSERT INTO Cliente (id_cliente, nombre, apellido, email, telefono, direccion) VALUES (10, 'María', 'García', 'maría.garcía10@example.com', '1010-5010', 'Av. Sarmiento 872');
INSERT INTO Cliente (id_cliente, nombre, apellido, email, telefono, direccion) VALUES (11, 'Lucía', 'Ruiz', 'lucía.ruiz11@example.com', '1011-5011', 'Av. Rivadavia 911');
INSERT INTO Cliente (id_cliente, nombre, apellido, email, telefono, direccion) VALUES (12, 'Noelia', 'Pérez', 'noelia.pérez12@example.com', '1012-5012', 'Av. Belgrano 837');
INSERT INTO Cliente (id_cliente, nombre, apellido, email, telefono, direccion) VALUES (13, 'Carla', 'Rossi', 'carla.rossi13@example.com', '1013-5013', 'Av. Corrientes 145');
INSERT INTO Cliente (id_cliente, nombre, apellido, email, telefono, direccion) VALUES (14, 'Paula', 'Romero', 'paula.romero14@example.com', '1014-5014', 'Av. Sarmiento 942');
INSERT INTO Cliente (id_cliente, nombre, apellido, email, telefono, direccion) VALUES (15, 'Pedro', 'Fernández', 'pedro.fernández15@example.com', '1015-5015', 'Av. San Martín 82');
INSERT INTO Cliente (id_cliente, nombre, apellido, email, telefono, direccion) VALUES (16, 'Pablo', 'López', 'pablo.lópez16@example.com', '1016-5016', 'Av. Sarmiento 213');
INSERT INTO Cliente (id_cliente, nombre, apellido, email, telefono, direccion) VALUES (17, 'María', 'Álvarez', 'maría.álvarez17@example.com', '1017-5017', 'Av. Rivadavia 909');
INSERT INTO Cliente (id_cliente, nombre, apellido, email, telefono, direccion) VALUES (18, 'Julián', 'Ruiz', 'julián.ruiz18@example.com', '1018-5018', 'Av. Sarmiento 459');
INSERT INTO Cliente (id_cliente, nombre, apellido, email, telefono, direccion) VALUES (19, 'Franco', 'Ruiz', 'franco.ruiz19@example.com', '1019-5019', 'Av. Mitre 273');
INSERT INTO Cliente (id_cliente, nombre, apellido, email, telefono, direccion) VALUES (20, 'Rocío', 'Fernández', 'rocío.fernández20@example.com', '1020-5020', 'Av. Belgrano 643');
INSERT INTO Cliente (id_cliente, nombre, apellido, email, telefono, direccion) VALUES (21, 'Camila', 'Pérez', 'camila.pérez21@example.com', '1021-5021', 'Av. Mitre 435');
INSERT INTO Cliente (id_cliente, nombre, apellido, email, telefono, direccion) VALUES (22, 'Rocío', 'Rodríguez', 'rocío.rodríguez22@example.com', '1022-5022', 'Av. Sarmiento 893');
INSERT INTO Cliente (id_cliente, nombre, apellido, email, telefono, direccion) VALUES (23, 'Camila', 'López', 'camila.lópez23@example.com', '1023-5023', 'Av. Belgrano 791');
INSERT INTO Cliente (id_cliente, nombre, apellido, email, telefono, direccion) VALUES (24, 'Valentina', 'Torres', 'valentina.torres24@example.com', '1024-5024', 'Av. Belgrano 844');
INSERT INTO Cliente (id_cliente, nombre, apellido, email, telefono, direccion) VALUES (25, 'Luis', 'Fernández', 'luis.fernández25@example.com', '1025-5025', 'Av. Rivadavia 369');
INSERT INTO Cliente (id_cliente, nombre, apellido, email, telefono, direccion) VALUES (26, 'Julián', 'Rodríguez', 'julián.rodríguez26@example.com', '1026-5026', 'Av. Mitre 644');
INSERT INTO Cliente (id_cliente, nombre, apellido, email, telefono, direccion) VALUES (27, 'Tomás', 'García', 'tomás.garcía27@example.com', '1027-5027', 'Av. Corrientes 712');
INSERT INTO Cliente (id_cliente, nombre, apellido, email, telefono, direccion) VALUES (28, 'Carla', 'Sánchez', 'carla.sánchez28@example.com', '1028-5028', 'Av. Corrientes 520');
INSERT INTO Cliente (id_cliente, nombre, apellido, email, telefono, direccion) VALUES (29, 'Martín', 'Rodríguez', 'martín.rodríguez29@example.com', '1029-5029', 'Av. Corrientes 655');
INSERT INTO Cliente (id_cliente, nombre, apellido, email, telefono, direccion) VALUES (30, 'Diego', 'Fernández', 'diego.fernández30@example.com', '1030-5030', 'Av. Rivadavia 495');
INSERT INTO Cliente (id_cliente, nombre, apellido, email, telefono, direccion) VALUES (31, 'Julián', 'Martínez', 'julián.martínez31@example.com', '1031-5031', 'Av. Corrientes 86');
INSERT INTO Cliente (id_cliente, nombre, apellido, email, telefono, direccion) VALUES (32, 'Brenda', 'Sánchez', 'brenda.sánchez32@example.com', '1032-5032', 'Av. Urquiza 821');
INSERT INTO Cliente (id_cliente, nombre, apellido, email, telefono, direccion) VALUES (33, 'Tomás', 'Rodríguez', 'tomás.rodríguez33@example.com', '1033-5033', 'Av. San Martín 988');
INSERT INTO Cliente (id_cliente, nombre, apellido, email, telefono, direccion) VALUES (34, 'Rocío', 'Rodríguez', 'rocío.rodríguez34@example.com', '1034-5034', 'Av. Belgrano 610');
INSERT INTO Cliente (id_cliente, nombre, apellido, email, telefono, direccion) VALUES (35, 'Tomás', 'García', 'tomás.garcía35@example.com', '1035-5035', 'Av. Siempreviva 606');
INSERT INTO Cliente (id_cliente, nombre, apellido, email, telefono, direccion) VALUES (36, 'Diego', 'Álvarez', 'diego.álvarez36@example.com', '1036-5036', 'Av. Urquiza 76');
INSERT INTO Cliente (id_cliente, nombre, apellido, email, telefono, direccion) VALUES (37, 'Tomás', 'Rodríguez', 'tomás.rodríguez37@example.com', '1037-5037', 'Av. Urquiza 290');
INSERT INTO Cliente (id_cliente, nombre, apellido, email, telefono, direccion) VALUES (38, 'Rocío', 'Rossi', 'rocío.rossi38@example.com', '1038-5038', 'Av. Mitre 173');
INSERT INTO Cliente (id_cliente, nombre, apellido, email, telefono, direccion) VALUES (39, 'Carla', 'Gómez', 'carla.gómez39@example.com', '1039-5039', 'Av. Siempreviva 226');
INSERT INTO Cliente (id_cliente, nombre, apellido, email, telefono, direccion) VALUES (40, 'Pablo', 'Ruiz', 'pablo.ruiz40@example.com', '1040-5040', 'Av. Belgrano 974');
INSERT INTO Cliente (id_cliente, nombre, apellido, email, telefono, direccion) VALUES (41, 'Valentina', 'López', 'valentina.lópez41@example.com', '1041-5041', 'Av. Corrientes 937');
INSERT INTO Cliente (id_cliente, nombre, apellido, email, telefono, direccion) VALUES (42, 'Pablo', 'Pérez', 'pablo.pérez42@example.com', '1042-5042', 'Av. Sarmiento 207');
INSERT INTO Cliente (id_cliente, nombre, apellido, email, telefono, direccion) VALUES (43, 'Diego', 'Romero', 'diego.romero43@example.com', '1043-5043', 'Av. Mitre 536');
INSERT INTO Cliente (id_cliente, nombre, apellido, email, telefono, direccion) VALUES (44, 'Pablo', 'Torres', 'pablo.torres44@example.com', '1044-5044', 'Av. Urquiza 892');
INSERT INTO Cliente (id_cliente, nombre, apellido, email, telefono, direccion) VALUES (45, 'Luis', 'Álvarez', 'luis.álvarez45@example.com', '1045-5045', 'Av. Siempreviva 38');
INSERT INTO Cliente (id_cliente, nombre, apellido, email, telefono, direccion) VALUES (46, 'Pablo', 'Fernández', 'pablo.fernández46@example.com', '1046-5046', 'Av. Sarmiento 333');
INSERT INTO Cliente (id_cliente, nombre, apellido, email, telefono, direccion) VALUES (47, 'Rocío', 'Álvarez', 'rocío.álvarez47@example.com', '1047-5047', 'Av. San Martín 792');
INSERT INTO Cliente (id_cliente, nombre, apellido, email, telefono, direccion) VALUES (48, 'Sofía', 'Gómez', 'sofía.gómez48@example.com', '1048-5048', 'Av. Urquiza 169');
INSERT INTO Cliente (id_cliente, nombre, apellido, email, telefono, direccion) VALUES (49, 'Ana', 'Ruiz', 'ana.ruiz49@example.com', '1049-5049', 'Av. Urquiza 91');
INSERT INTO Cliente (id_cliente, nombre, apellido, email, telefono, direccion) VALUES (50, 'Nicolás', 'Martínez', 'nicolás.martínez50@example.com', '1050-5050', 'Av. Urquiza 62');
INSERT INTO Cliente (id_cliente, nombre, apellido, email, telefono, direccion) VALUES (51, 'Juan', 'Martínez', 'juan.martínez51@example.com', '1051-5051', 'Av. Corrientes 625');
INSERT INTO Cliente (id_cliente, nombre, apellido, email, telefono, direccion) VALUES (52, 'Julián', 'Ruiz', 'julián.ruiz52@example.com', '1052-5052', 'Av. Corrientes 619');
INSERT INTO Cliente (id_cliente, nombre, apellido, email, telefono, direccion) VALUES (53, 'Sofía', 'Fernández', 'sofía.fernández53@example.com', '1053-5053', 'Av. Sarmiento 843');
INSERT INTO Cliente (id_cliente, nombre, apellido, email, telefono, direccion) VALUES (54, 'Diego', 'Sánchez', 'diego.sánchez54@example.com', '1054-5054', 'Av. Corrientes 398');
INSERT INTO Cliente (id_cliente, nombre, apellido, email, telefono, direccion) VALUES (55, 'Pedro', 'Gómez', 'pedro.gómez55@example.com', '1055-5055', 'Av. Sarmiento 657');
INSERT INTO Cliente (id_cliente, nombre, apellido, email, telefono, direccion) VALUES (56, 'Juan', 'Pérez', 'juan.pérez56@example.com', '1056-5056', 'Av. San Martín 656');
INSERT INTO Cliente (id_cliente, nombre, apellido, email, telefono, direccion) VALUES (57, 'Camila', 'López', 'camila.lópez57@example.com', '1057-5057', 'Av. Sarmiento 999');
INSERT INTO Cliente (id_cliente, nombre, apellido, email, telefono, direccion) VALUES (58, 'Paula', 'Sánchez', 'paula.sánchez58@example.com', '1058-5058', 'Av. Sarmiento 984');
INSERT INTO Cliente (id_cliente, nombre, apellido, email, telefono, direccion) VALUES (59, 'Luis', 'Romero', 'luis.romero59@example.com', '1059-5059', 'Av. Siempreviva 170');
INSERT INTO Cliente (id_cliente, nombre, apellido, email, telefono, direccion) VALUES (60, 'Carla', 'López', 'carla.lópez60@example.com', '1060-5060', 'Av. Siempreviva 594');
INSERT INTO Cliente (id_cliente, nombre, apellido, email, telefono, direccion) VALUES (61, 'Sofía', 'Gómez', 'sofía.gómez61@example.com', '1061-5061', 'Av. Urquiza 857');
INSERT INTO Cliente (id_cliente, nombre, apellido, email, telefono, direccion) VALUES (62, 'Sofía', 'García', 'sofía.garcía62@example.com', '1062-5062', 'Av. Siempreviva 406');
INSERT INTO Cliente (id_cliente, nombre, apellido, email, telefono, direccion) VALUES (63, 'Rocío', 'Torres', 'rocío.torres63@example.com', '1063-5063', 'Av. Sarmiento 80');
INSERT INTO Cliente (id_cliente, nombre, apellido, email, telefono, direccion) VALUES (64, 'Paula', 'Torres', 'paula.torres64@example.com', '1064-5064', 'Av. Mitre 504');
INSERT INTO Cliente (id_cliente, nombre, apellido, email, telefono, direccion) VALUES (65, 'Sofía', 'Rossi', 'sofía.rossi65@example.com', '1065-5065', 'Av. Sarmiento 829');
INSERT INTO Cliente (id_cliente, nombre, apellido, email, telefono, direccion) VALUES (66, 'Julián', 'Torres', 'julián.torres66@example.com', '1066-5066', 'Av. Urquiza 900');
INSERT INTO Cliente (id_cliente, nombre, apellido, email, telefono, direccion) VALUES (67, 'Luis', 'Rossi', 'luis.rossi67@example.com', '1067-5067', 'Av. San Martín 596');
INSERT INTO Cliente (id_cliente, nombre, apellido, email, telefono, direccion) VALUES (68, 'Brenda', 'Rodríguez', 'brenda.rodríguez68@example.com', '1068-5068', 'Av. San Martín 526');
INSERT INTO Cliente (id_cliente, nombre, apellido, email, telefono, direccion) VALUES (69, 'Camila', 'Ruiz', 'camila.ruiz69@example.com', '1069-5069', 'Av. Sarmiento 993');
INSERT INTO Cliente (id_cliente, nombre, apellido, email, telefono, direccion) VALUES (70, 'María', 'Rodríguez', 'maría.rodríguez70@example.com', '1070-5070', 'Av. Belgrano 241');
INSERT INTO Cliente (id_cliente, nombre, apellido, email, telefono, direccion) VALUES (71, 'María', 'Rodríguez', 'maría.rodríguez71@example.com', '1071-5071', 'Av. Rivadavia 741');
INSERT INTO Cliente (id_cliente, nombre, apellido, email, telefono, direccion) VALUES (72, 'Carla', 'Sánchez', 'carla.sánchez72@example.com', '1072-5072', 'Av. Belgrano 354');
INSERT INTO Cliente (id_cliente, nombre, apellido, email, telefono, direccion) VALUES (73, 'Fernando', 'Romero', 'fernando.romero73@example.com', '1073-5073', 'Av. Corrientes 623');
INSERT INTO Cliente (id_cliente, nombre, apellido, email, telefono, direccion) VALUES (74, 'Lucía', 'Sánchez', 'lucía.sánchez74@example.com', '1074-5074', 'Av. Rivadavia 13');
INSERT INTO Cliente (id_cliente, nombre, apellido, email, telefono, direccion) VALUES (75, 'Franco', 'Rossi', 'franco.rossi75@example.com', '1075-5075', 'Av. Sarmiento 711');
INSERT INTO Cliente (id_cliente, nombre, apellido, email, telefono, direccion) VALUES (76, 'Lucía', 'Gómez', 'lucía.gómez76@example.com', '1076-5076', 'Av. Corrientes 103');
INSERT INTO Cliente (id_cliente, nombre, apellido, email, telefono, direccion) VALUES (77, 'Pablo', 'Rodríguez', 'pablo.rodríguez77@example.com', '1077-5077', 'Av. Mitre 295');
INSERT INTO Cliente (id_cliente, nombre, apellido, email, telefono, direccion) VALUES (78, 'Paula', 'Gómez', 'paula.gómez78@example.com', '1078-5078', 'Av. Mitre 638');
INSERT INTO Cliente (id_cliente, nombre, apellido, email, telefono, direccion) VALUES (79, 'Agustina', 'Sánchez', 'agustina.sánchez79@example.com', '1079-5079', 'Av. Siempreviva 77');
INSERT INTO Cliente (id_cliente, nombre, apellido, email, telefono, direccion) VALUES (80, 'Nicolás', 'Torres', 'nicolás.torres80@example.com', '1080-5080', 'Av. Siempreviva 18');
INSERT INTO Cliente (id_cliente, nombre, apellido, email, telefono, direccion) VALUES (81, 'Camila', 'Rodríguez', 'camila.rodríguez81@example.com', '1081-5081', 'Av. Urquiza 854');
INSERT INTO Cliente (id_cliente, nombre, apellido, email, telefono, direccion) VALUES (82, 'Sofía', 'Ruiz', 'sofía.ruiz82@example.com', '1082-5082', 'Av. Siempreviva 368');
INSERT INTO Cliente (id_cliente, nombre, apellido, email, telefono, direccion) VALUES (83, 'Diego', 'Álvarez', 'diego.álvarez83@example.com', '1083-5083', 'Av. Corrientes 807');
INSERT INTO Cliente (id_cliente, nombre, apellido, email, telefono, direccion) VALUES (84, 'Sofía', 'Pérez', 'sofía.pérez84@example.com', '1084-5084', 'Av. Mitre 131');
INSERT INTO Cliente (id_cliente, nombre, apellido, email, telefono, direccion) VALUES (85, 'Carla', 'López', 'carla.lópez85@example.com', '1085-5085', 'Av. Mitre 928');
INSERT INTO Cliente (id_cliente, nombre, apellido, email, telefono, direccion) VALUES (86, 'Lucía', 'Rodríguez', 'lucía.rodríguez86@example.com', '1086-5086', 'Av. Sarmiento 895');
INSERT INTO Cliente (id_cliente, nombre, apellido, email, telefono, direccion) VALUES (87, 'Agustina', 'Torres', 'agustina.torres87@example.com', '1087-5087', 'Av. Siempreviva 129');
INSERT INTO Cliente (id_cliente, nombre, apellido, email, telefono, direccion) VALUES (88, 'Ana', 'Gómez', 'ana.gómez88@example.com', '1088-5088', 'Av. Siempreviva 859');
INSERT INTO Cliente (id_cliente, nombre, apellido, email, telefono, direccion) VALUES (89, 'Luis', 'Álvarez', 'luis.álvarez89@example.com', '1089-5089', 'Av. San Martín 128');
INSERT INTO Cliente (id_cliente, nombre, apellido, email, telefono, direccion) VALUES (90, 'Brenda', 'Rodríguez', 'brenda.rodríguez90@example.com', '1090-5090', 'Av. Belgrano 15');
INSERT INTO Cliente (id_cliente, nombre, apellido, email, telefono, direccion) VALUES (91, 'Franco', 'Rodríguez', 'franco.rodríguez91@example.com', '1091-5091', 'Av. San Martín 640');
INSERT INTO Cliente (id_cliente, nombre, apellido, email, telefono, direccion) VALUES (92, 'Valentina', 'Pérez', 'valentina.pérez92@example.com', '1092-5092', 'Av. San Martín 55');
INSERT INTO Cliente (id_cliente, nombre, apellido, email, telefono, direccion) VALUES (93, 'Brenda', 'Rodríguez', 'brenda.rodríguez93@example.com', '1093-5093', 'Av. Corrientes 467');
INSERT INTO Cliente (id_cliente, nombre, apellido, email, telefono, direccion) VALUES (94, 'Diego', 'Rossi', 'diego.rossi94@example.com', '1094-5094', 'Av. Siempreviva 409');
INSERT INTO Cliente (id_cliente, nombre, apellido, email, telefono, direccion) VALUES (95, 'Camila', 'Martínez', 'camila.martínez95@example.com', '1095-5095', 'Av. Corrientes 976');
INSERT INTO Cliente (id_cliente, nombre, apellido, email, telefono, direccion) VALUES (96, 'Brenda', 'Ruiz', 'brenda.ruiz96@example.com', '1096-5096', 'Av. Urquiza 682');
INSERT INTO Cliente (id_cliente, nombre, apellido, email, telefono, direccion) VALUES (97, 'Noelia', 'Rossi', 'noelia.rossi97@example.com', '1097-5097', 'Av. Rivadavia 260');
INSERT INTO Cliente (id_cliente, nombre, apellido, email, telefono, direccion) VALUES (98, 'Sofía', 'Gómez', 'sofía.gómez98@example.com', '1098-5098', 'Av. Corrientes 14');
INSERT INTO Cliente (id_cliente, nombre, apellido, email, telefono, direccion) VALUES (99, 'Juan', 'García', 'juan.garcía99@example.com', '1099-5099', 'Av. Belgrano 932');
INSERT INTO Cliente (id_cliente, nombre, apellido, email, telefono, direccion) VALUES (100, 'Fernando', 'García', 'fernando.garcía100@example.com', '1100-5100', 'Av. San Martín 786');
INSERT INTO Pedido (id_pedido, id_cliente, fecha, estado, total) VALUES (1, 2, '2025-09-17', 'pendiente', 0);
INSERT INTO Pedido (id_pedido, id_cliente, fecha, estado, total) VALUES (2, 3, '2025-09-16', 'pendiente', 0);
INSERT INTO Pedido (id_pedido, id_cliente, fecha, estado, total) VALUES (3, 4, '2025-09-15', 'pendiente', 0);
INSERT INTO Pedido (id_pedido, id_cliente, fecha, estado, total) VALUES (4, 5, '2025-09-14', 'pendiente', 0);
INSERT INTO Pedido (id_pedido, id_cliente, fecha, estado, total) VALUES (5, 6, '2025-09-13', 'pendiente', 0);
INSERT INTO Pedido (id_pedido, id_cliente, fecha, estado, total) VALUES (6, 7, '2025-09-12', 'pendiente', 0);
INSERT INTO Pedido (id_pedido, id_cliente, fecha, estado, total) VALUES (7, 8, '2025-09-11', 'pendiente', 0);
INSERT INTO Pedido (id_pedido, id_cliente, fecha, estado, total) VALUES (8, 9, '2025-09-10', 'pendiente', 0);
INSERT INTO Pedido (id_pedido, id_cliente, fecha, estado, total) VALUES (9, 10, '2025-09-09', 'pendiente', 0);
INSERT INTO Pedido (id_pedido, id_cliente, fecha, estado, total) VALUES (10, 11, '2025-09-08', 'pendiente', 0);
INSERT INTO Pedido (id_pedido, id_cliente, fecha, estado, total) VALUES (11, 12, '2025-09-07', 'pendiente', 0);
INSERT INTO Pedido (id_pedido, id_cliente, fecha, estado, total) VALUES (12, 13, '2025-09-06', 'pendiente', 0);
INSERT INTO Pedido (id_pedido, id_cliente, fecha, estado, total) VALUES (13, 14, '2025-09-05', 'pendiente', 0);
INSERT INTO Pedido (id_pedido, id_cliente, fecha, estado, total) VALUES (14, 15, '2025-09-04', 'pendiente', 0);
INSERT INTO Pedido (id_pedido, id_cliente, fecha, estado, total) VALUES (15, 16, '2025-09-03', 'pendiente', 0);
INSERT INTO Pedido (id_pedido, id_cliente, fecha, estado, total) VALUES (16, 17, '2025-09-02', 'pendiente', 0);
INSERT INTO Pedido (id_pedido, id_cliente, fecha, estado, total) VALUES (17, 18, '2025-09-01', 'pendiente', 0);
INSERT INTO Pedido (id_pedido, id_cliente, fecha, estado, total) VALUES (18, 19, '2025-08-31', 'pendiente', 0);
INSERT INTO Pedido (id_pedido, id_cliente, fecha, estado, total) VALUES (19, 20, '2025-08-30', 'pendiente', 0);
INSERT INTO Pedido (id_pedido, id_cliente, fecha, estado, total) VALUES (20, 21, '2025-08-29', 'pendiente', 0);
INSERT INTO Pedido (id_pedido, id_cliente, fecha, estado, total) VALUES (21, 22, '2025-08-28', 'pendiente', 0);
INSERT INTO Pedido (id_pedido, id_cliente, fecha, estado, total) VALUES (22, 23, '2025-08-27', 'pendiente', 0);
INSERT INTO Pedido (id_pedido, id_cliente, fecha, estado, total) VALUES (23, 24, '2025-08-26', 'pendiente', 0);
INSERT INTO Pedido (id_pedido, id_cliente, fecha, estado, total) VALUES (24, 25, '2025-08-25', 'pendiente', 0);
INSERT INTO Pedido (id_pedido, id_cliente, fecha, estado, total) VALUES (25, 26, '2025-08-24', 'pendiente', 0);
INSERT INTO Pedido (id_pedido, id_cliente, fecha, estado, total) VALUES (26, 27, '2025-08-23', 'pendiente', 0);
INSERT INTO Pedido (id_pedido, id_cliente, fecha, estado, total) VALUES (27, 28, '2025-08-22', 'pendiente', 0);
INSERT INTO Pedido (id_pedido, id_cliente, fecha, estado, total) VALUES (28, 29, '2025-08-21', 'pendiente', 0);
INSERT INTO Pedido (id_pedido, id_cliente, fecha, estado, total) VALUES (29, 30, '2025-08-20', 'pendiente', 0);
INSERT INTO Pedido (id_pedido, id_cliente, fecha, estado, total) VALUES (30, 31, '2025-08-19', 'pendiente', 0);
INSERT INTO Pedido (id_pedido, id_cliente, fecha, estado, total) VALUES (31, 32, '2025-08-18', 'pendiente', 0);
INSERT INTO Pedido (id_pedido, id_cliente, fecha, estado, total) VALUES (32, 33, '2025-08-17', 'pendiente', 0);
INSERT INTO Pedido (id_pedido, id_cliente, fecha, estado, total) VALUES (33, 34, '2025-08-16', 'pendiente', 0);
INSERT INTO Pedido (id_pedido, id_cliente, fecha, estado, total) VALUES (34, 35, '2025-08-15', 'pendiente', 0);
INSERT INTO Pedido (id_pedido, id_cliente, fecha, estado, total) VALUES (35, 36, '2025-08-14', 'pendiente', 0);
INSERT INTO Pedido (id_pedido, id_cliente, fecha, estado, total) VALUES (36, 37, '2025-08-13', 'pendiente', 0);
INSERT INTO Pedido (id_pedido, id_cliente, fecha, estado, total) VALUES (37, 38, '2025-08-12', 'pendiente', 0);
INSERT INTO Pedido (id_pedido, id_cliente, fecha, estado, total) VALUES (38, 39, '2025-08-11', 'pendiente', 0);
INSERT INTO Pedido (id_pedido, id_cliente, fecha, estado, total) VALUES (39, 40, '2025-08-10', 'pendiente', 0);
INSERT INTO Pedido (id_pedido, id_cliente, fecha, estado, total) VALUES (40, 41, '2025-08-09', 'pendiente', 0);
INSERT INTO Pedido (id_pedido, id_cliente, fecha, estado, total) VALUES (41, 42, '2025-08-08', 'pendiente', 0);
INSERT INTO Pedido (id_pedido, id_cliente, fecha, estado, total) VALUES (42, 43, '2025-08-07', 'pendiente', 0);
INSERT INTO Pedido (id_pedido, id_cliente, fecha, estado, total) VALUES (43, 44, '2025-08-06', 'pendiente', 0);
INSERT INTO Pedido (id_pedido, id_cliente, fecha, estado, total) VALUES (44, 45, '2025-08-05', 'pendiente', 0);
INSERT INTO Pedido (id_pedido, id_cliente, fecha, estado, total) VALUES (45, 46, '2025-09-18', 'pendiente', 0);
INSERT INTO Pedido (id_pedido, id_cliente, fecha, estado, total) VALUES (46, 47, '2025-09-17', 'pendiente', 0);
INSERT INTO Pedido (id_pedido, id_cliente, fecha, estado, total) VALUES (47, 48, '2025-09-16', 'pendiente', 0);
INSERT INTO Pedido (id_pedido, id_cliente, fecha, estado, total) VALUES (48, 49, '2025-09-15', 'pendiente', 0);
INSERT INTO Pedido (id_pedido, id_cliente, fecha, estado, total) VALUES (49, 50, '2025-09-14', 'pendiente', 0);
INSERT INTO Pedido (id_pedido, id_cliente, fecha, estado, total) VALUES (50, 51, '2025-09-13', 'pendiente', 0);
INSERT INTO Pedido (id_pedido, id_cliente, fecha, estado, total) VALUES (51, 52, '2025-09-12', 'pendiente', 0);
INSERT INTO Pedido (id_pedido, id_cliente, fecha, estado, total) VALUES (52, 53, '2025-09-11', 'pendiente', 0);
INSERT INTO Pedido (id_pedido, id_cliente, fecha, estado, total) VALUES (53, 54, '2025-09-10', 'pendiente', 0);
INSERT INTO Pedido (id_pedido, id_cliente, fecha, estado, total) VALUES (54, 55, '2025-09-09', 'pendiente', 0);
INSERT INTO Pedido (id_pedido, id_cliente, fecha, estado, total) VALUES (55, 56, '2025-09-08', 'pendiente', 0);
INSERT INTO Pedido (id_pedido, id_cliente, fecha, estado, total) VALUES (56, 57, '2025-09-07', 'pendiente', 0);
INSERT INTO Pedido (id_pedido, id_cliente, fecha, estado, total) VALUES (57, 58, '2025-09-06', 'pendiente', 0);
INSERT INTO Pedido (id_pedido, id_cliente, fecha, estado, total) VALUES (58, 59, '2025-09-05', 'pendiente', 0);
INSERT INTO Pedido (id_pedido, id_cliente, fecha, estado, total) VALUES (59, 60, '2025-09-04', 'pendiente', 0);
INSERT INTO Pedido (id_pedido, id_cliente, fecha, estado, total) VALUES (60, 61, '2025-09-03', 'pendiente', 0);
INSERT INTO Pedido (id_pedido, id_cliente, fecha, estado, total) VALUES (61, 62, '2025-09-02', 'pendiente', 0);
INSERT INTO Pedido (id_pedido, id_cliente, fecha, estado, total) VALUES (62, 63, '2025-09-01', 'pendiente', 0);
INSERT INTO Pedido (id_pedido, id_cliente, fecha, estado, total) VALUES (63, 64, '2025-08-31', 'pendiente', 0);
INSERT INTO Pedido (id_pedido, id_cliente, fecha, estado, total) VALUES (64, 65, '2025-08-30', 'pendiente', 0);
INSERT INTO Pedido (id_pedido, id_cliente, fecha, estado, total) VALUES (65, 66, '2025-08-29', 'pendiente', 0);
INSERT INTO Pedido (id_pedido, id_cliente, fecha, estado, total) VALUES (66, 67, '2025-08-28', 'pendiente', 0);
INSERT INTO Pedido (id_pedido, id_cliente, fecha, estado, total) VALUES (67, 68, '2025-08-27', 'pendiente', 0);
INSERT INTO Pedido (id_pedido, id_cliente, fecha, estado, total) VALUES (68, 69, '2025-08-26', 'pendiente', 0);
INSERT INTO Pedido (id_pedido, id_cliente, fecha, estado, total) VALUES (69, 70, '2025-08-25', 'pendiente', 0);
INSERT INTO Pedido (id_pedido, id_cliente, fecha, estado, total) VALUES (70, 71, '2025-08-24', 'pendiente', 0);
INSERT INTO Pedido (id_pedido, id_cliente, fecha, estado, total) VALUES (71, 72, '2025-08-23', 'pendiente', 0);
INSERT INTO Pedido (id_pedido, id_cliente, fecha, estado, total) VALUES (72, 73, '2025-08-22', 'pendiente', 0);
INSERT INTO Pedido (id_pedido, id_cliente, fecha, estado, total) VALUES (73, 74, '2025-08-21', 'pendiente', 0);
INSERT INTO Pedido (id_pedido, id_cliente, fecha, estado, total) VALUES (74, 75, '2025-08-20', 'pendiente', 0);
INSERT INTO Pedido (id_pedido, id_cliente, fecha, estado, total) VALUES (75, 76, '2025-08-19', 'pendiente', 0);
INSERT INTO Pedido (id_pedido, id_cliente, fecha, estado, total) VALUES (76, 77, '2025-08-18', 'pendiente', 0);
INSERT INTO Pedido (id_pedido, id_cliente, fecha, estado, total) VALUES (77, 78, '2025-08-17', 'pendiente', 0);
INSERT INTO Pedido (id_pedido, id_cliente, fecha, estado, total) VALUES (78, 79, '2025-08-16', 'pendiente', 0);
INSERT INTO Pedido (id_pedido, id_cliente, fecha, estado, total) VALUES (79, 80, '2025-08-15', 'pendiente', 0);
INSERT INTO Pedido (id_pedido, id_cliente, fecha, estado, total) VALUES (80, 81, '2025-08-14', 'pendiente', 0);
INSERT INTO DetallePedido (id_detalle, id_pedido, id_libro, cantidad, precio_unitario) VALUES (1, 2, 2, 2, 8015);
INSERT INTO DetallePedido (id_detalle, id_pedido, id_libro, cantidad, precio_unitario) VALUES (2, 3, 3, 3, 8030);
INSERT INTO DetallePedido (id_detalle, id_pedido, id_libro, cantidad, precio_unitario) VALUES (3, 4, 4, 1, 8045);
INSERT INTO DetallePedido (id_detalle, id_pedido, id_libro, cantidad, precio_unitario) VALUES (4, 5, 5, 2, 8060);
INSERT INTO DetallePedido (id_detalle, id_pedido, id_libro, cantidad, precio_unitario) VALUES (5, 6, 6, 3, 8075);
INSERT INTO DetallePedido (id_detalle, id_pedido, id_libro, cantidad, precio_unitario) VALUES (6, 7, 7, 1, 8090);
INSERT INTO DetallePedido (id_detalle, id_pedido, id_libro, cantidad, precio_unitario) VALUES (7, 8, 8, 2, 8105);
INSERT INTO DetallePedido (id_detalle, id_pedido, id_libro, cantidad, precio_unitario) VALUES (8, 9, 9, 3, 8120);
INSERT INTO DetallePedido (id_detalle, id_pedido, id_libro, cantidad, precio_unitario) VALUES (9, 10, 10, 1, 8135);
INSERT INTO DetallePedido (id_detalle, id_pedido, id_libro, cantidad, precio_unitario) VALUES (10, 11, 11, 2, 8150);
INSERT INTO DetallePedido (id_detalle, id_pedido, id_libro, cantidad, precio_unitario) VALUES (11, 12, 12, 3, 8165);
INSERT INTO DetallePedido (id_detalle, id_pedido, id_libro, cantidad, precio_unitario) VALUES (12, 13, 13, 1, 8180);
INSERT INTO DetallePedido (id_detalle, id_pedido, id_libro, cantidad, precio_unitario) VALUES (13, 14, 14, 2, 8195);
INSERT INTO DetallePedido (id_detalle, id_pedido, id_libro, cantidad, precio_unitario) VALUES (14, 15, 15, 3, 8210);
INSERT INTO DetallePedido (id_detalle, id_pedido, id_libro, cantidad, precio_unitario) VALUES (15, 16, 16, 1, 8225);
INSERT INTO DetallePedido (id_detalle, id_pedido, id_libro, cantidad, precio_unitario) VALUES (16, 17, 17, 2, 8240);
INSERT INTO DetallePedido (id_detalle, id_pedido, id_libro, cantidad, precio_unitario) VALUES (17, 18, 18, 3, 8255);
INSERT INTO DetallePedido (id_detalle, id_pedido, id_libro, cantidad, precio_unitario) VALUES (18, 19, 19, 1, 8270);
INSERT INTO DetallePedido (id_detalle, id_pedido, id_libro, cantidad, precio_unitario) VALUES (19, 20, 20, 2, 8285);
INSERT INTO DetallePedido (id_detalle, id_pedido, id_libro, cantidad, precio_unitario) VALUES (20, 21, 21, 3, 8300);
INSERT INTO DetallePedido (id_detalle, id_pedido, id_libro, cantidad, precio_unitario) VALUES (21, 22, 22, 1, 8315);
INSERT INTO DetallePedido (id_detalle, id_pedido, id_libro, cantidad, precio_unitario) VALUES (22, 23, 23, 2, 8330);
INSERT INTO DetallePedido (id_detalle, id_pedido, id_libro, cantidad, precio_unitario) VALUES (23, 24, 24, 3, 8345);
INSERT INTO DetallePedido (id_detalle, id_pedido, id_libro, cantidad, precio_unitario) VALUES (24, 25, 25, 1, 8360);
INSERT INTO DetallePedido (id_detalle, id_pedido, id_libro, cantidad, precio_unitario) VALUES (25, 26, 26, 2, 8375);
INSERT INTO DetallePedido (id_detalle, id_pedido, id_libro, cantidad, precio_unitario) VALUES (26, 27, 27, 3, 8390);
INSERT INTO DetallePedido (id_detalle, id_pedido, id_libro, cantidad, precio_unitario) VALUES (27, 28, 28, 1, 8405);
INSERT INTO DetallePedido (id_detalle, id_pedido, id_libro, cantidad, precio_unitario) VALUES (28, 29, 29, 2, 8420);
INSERT INTO DetallePedido (id_detalle, id_pedido, id_libro, cantidad, precio_unitario) VALUES (29, 30, 30, 3, 8435);
INSERT INTO DetallePedido (id_detalle, id_pedido, id_libro, cantidad, precio_unitario) VALUES (30, 31, 31, 1, 8450);
INSERT INTO DetallePedido (id_detalle, id_pedido, id_libro, cantidad, precio_unitario) VALUES (31, 32, 32, 2, 8465);
INSERT INTO DetallePedido (id_detalle, id_pedido, id_libro, cantidad, precio_unitario) VALUES (32, 33, 33, 3, 8480);
INSERT INTO DetallePedido (id_detalle, id_pedido, id_libro, cantidad, precio_unitario) VALUES (33, 34, 34, 1, 8495);
INSERT INTO DetallePedido (id_detalle, id_pedido, id_libro, cantidad, precio_unitario) VALUES (34, 35, 35, 2, 8510);
INSERT INTO DetallePedido (id_detalle, id_pedido, id_libro, cantidad, precio_unitario) VALUES (35, 36, 36, 3, 8525);
INSERT INTO DetallePedido (id_detalle, id_pedido, id_libro, cantidad, precio_unitario) VALUES (36, 37, 37, 1, 8540);
INSERT INTO DetallePedido (id_detalle, id_pedido, id_libro, cantidad, precio_unitario) VALUES (37, 38, 38, 2, 8555);
INSERT INTO DetallePedido (id_detalle, id_pedido, id_libro, cantidad, precio_unitario) VALUES (38, 39, 39, 3, 8570);
INSERT INTO DetallePedido (id_detalle, id_pedido, id_libro, cantidad, precio_unitario) VALUES (39, 40, 40, 1, 8585);
INSERT INTO DetallePedido (id_detalle, id_pedido, id_libro, cantidad, precio_unitario) VALUES (40, 41, 41, 2, 8600);
INSERT INTO DetallePedido (id_detalle, id_pedido, id_libro, cantidad, precio_unitario) VALUES (41, 42, 42, 3, 8615);
INSERT INTO DetallePedido (id_detalle, id_pedido, id_libro, cantidad, precio_unitario) VALUES (42, 43, 43, 1, 8630);
INSERT INTO DetallePedido (id_detalle, id_pedido, id_libro, cantidad, precio_unitario) VALUES (43, 44, 44, 2, 8645);
INSERT INTO DetallePedido (id_detalle, id_pedido, id_libro, cantidad, precio_unitario) VALUES (44, 45, 45, 3, 8660);
INSERT INTO DetallePedido (id_detalle, id_pedido, id_libro, cantidad, precio_unitario) VALUES (45, 46, 46, 1, 8675);
INSERT INTO DetallePedido (id_detalle, id_pedido, id_libro, cantidad, precio_unitario) VALUES (46, 47, 47, 2, 8690);
INSERT INTO DetallePedido (id_detalle, id_pedido, id_libro, cantidad, precio_unitario) VALUES (47, 48, 48, 3, 8705);
INSERT INTO DetallePedido (id_detalle, id_pedido, id_libro, cantidad, precio_unitario) VALUES (48, 49, 49, 1, 8720);
INSERT INTO DetallePedido (id_detalle, id_pedido, id_libro, cantidad, precio_unitario) VALUES (49, 50, 50, 2, 8735);
INSERT INTO DetallePedido (id_detalle, id_pedido, id_libro, cantidad, precio_unitario) VALUES (50, 51, 51, 3, 8750);
INSERT INTO DetallePedido (id_detalle, id_pedido, id_libro, cantidad, precio_unitario) VALUES (51, 52, 52, 1, 8765);
INSERT INTO DetallePedido (id_detalle, id_pedido, id_libro, cantidad, precio_unitario) VALUES (52, 53, 53, 2, 8780);
INSERT INTO DetallePedido (id_detalle, id_pedido, id_libro, cantidad, precio_unitario) VALUES (53, 54, 54, 3, 8795);
INSERT INTO DetallePedido (id_detalle, id_pedido, id_libro, cantidad, precio_unitario) VALUES (54, 55, 55, 1, 8810);
INSERT INTO DetallePedido (id_detalle, id_pedido, id_libro, cantidad, precio_unitario) VALUES (55, 56, 56, 2, 8825);
INSERT INTO DetallePedido (id_detalle, id_pedido, id_libro, cantidad, precio_unitario) VALUES (56, 57, 57, 3, 8840);
INSERT INTO DetallePedido (id_detalle, id_pedido, id_libro, cantidad, precio_unitario) VALUES (57, 58, 58, 1, 8855);
INSERT INTO DetallePedido (id_detalle, id_pedido, id_libro, cantidad, precio_unitario) VALUES (58, 59, 59, 2, 8870);
INSERT INTO DetallePedido (id_detalle, id_pedido, id_libro, cantidad, precio_unitario) VALUES (59, 60, 60, 3, 8885);
INSERT INTO DetallePedido (id_detalle, id_pedido, id_libro, cantidad, precio_unitario) VALUES (60, 61, 61, 1, 8900);
INSERT INTO DetallePedido (id_detalle, id_pedido, id_libro, cantidad, precio_unitario) VALUES (61, 62, 62, 2, 8915);
INSERT INTO DetallePedido (id_detalle, id_pedido, id_libro, cantidad, precio_unitario) VALUES (62, 63, 63, 3, 8930);
INSERT INTO DetallePedido (id_detalle, id_pedido, id_libro, cantidad, precio_unitario) VALUES (63, 64, 64, 1, 8945);
INSERT INTO DetallePedido (id_detalle, id_pedido, id_libro, cantidad, precio_unitario) VALUES (64, 65, 65, 2, 8960);
INSERT INTO DetallePedido (id_detalle, id_pedido, id_libro, cantidad, precio_unitario) VALUES (65, 66, 66, 3, 8975);
INSERT INTO DetallePedido (id_detalle, id_pedido, id_libro, cantidad, precio_unitario) VALUES (66, 67, 67, 1, 8990);
INSERT INTO DetallePedido (id_detalle, id_pedido, id_libro, cantidad, precio_unitario) VALUES (67, 68, 68, 2, 9005);
INSERT INTO DetallePedido (id_detalle, id_pedido, id_libro, cantidad, precio_unitario) VALUES (68, 69, 69, 3, 9020);
INSERT INTO DetallePedido (id_detalle, id_pedido, id_libro, cantidad, precio_unitario) VALUES (69, 70, 70, 1, 9035);
INSERT INTO DetallePedido (id_detalle, id_pedido, id_libro, cantidad, precio_unitario) VALUES (70, 71, 71, 2, 9050);
INSERT INTO DetallePedido (id_detalle, id_pedido, id_libro, cantidad, precio_unitario) VALUES (71, 72, 72, 3, 9065);
INSERT INTO DetallePedido (id_detalle, id_pedido, id_libro, cantidad, precio_unitario) VALUES (72, 73, 73, 1, 9080);
INSERT INTO DetallePedido (id_detalle, id_pedido, id_libro, cantidad, precio_unitario) VALUES (73, 74, 74, 2, 9095);
INSERT INTO DetallePedido (id_detalle, id_pedido, id_libro, cantidad, precio_unitario) VALUES (74, 75, 75, 3, 9110);
INSERT INTO DetallePedido (id_detalle, id_pedido, id_libro, cantidad, precio_unitario) VALUES (75, 76, 76, 1, 9125);
INSERT INTO DetallePedido (id_detalle, id_pedido, id_libro, cantidad, precio_unitario) VALUES (76, 77, 77, 2, 9140);
INSERT INTO DetallePedido (id_detalle, id_pedido, id_libro, cantidad, precio_unitario) VALUES (77, 78, 78, 3, 9155);
INSERT INTO DetallePedido (id_detalle, id_pedido, id_libro, cantidad, precio_unitario) VALUES (78, 79, 79, 1, 9170);
INSERT INTO DetallePedido (id_detalle, id_pedido, id_libro, cantidad, precio_unitario) VALUES (79, 80, 80, 2, 9185);
INSERT INTO DetallePedido (id_detalle, id_pedido, id_libro, cantidad, precio_unitario) VALUES (80, 1, 81, 3, 9200);
INSERT INTO DetallePedido (id_detalle, id_pedido, id_libro, cantidad, precio_unitario) VALUES (81, 2, 82, 1, 9215);
INSERT INTO DetallePedido (id_detalle, id_pedido, id_libro, cantidad, precio_unitario) VALUES (82, 3, 83, 2, 9230);
INSERT INTO DetallePedido (id_detalle, id_pedido, id_libro, cantidad, precio_unitario) VALUES (83, 4, 84, 3, 9245);
INSERT INTO DetallePedido (id_detalle, id_pedido, id_libro, cantidad, precio_unitario) VALUES (84, 5, 85, 1, 9260);
INSERT INTO DetallePedido (id_detalle, id_pedido, id_libro, cantidad, precio_unitario) VALUES (85, 6, 86, 2, 9275);
INSERT INTO DetallePedido (id_detalle, id_pedido, id_libro, cantidad, precio_unitario) VALUES (86, 7, 87, 3, 9290);
INSERT INTO DetallePedido (id_detalle, id_pedido, id_libro, cantidad, precio_unitario) VALUES (87, 8, 88, 1, 9305);
INSERT INTO DetallePedido (id_detalle, id_pedido, id_libro, cantidad, precio_unitario) VALUES (88, 9, 89, 2, 9320);
INSERT INTO DetallePedido (id_detalle, id_pedido, id_libro, cantidad, precio_unitario) VALUES (89, 10, 90, 3, 9335);
INSERT INTO DetallePedido (id_detalle, id_pedido, id_libro, cantidad, precio_unitario) VALUES (90, 11, 91, 1, 9350);
INSERT INTO DetallePedido (id_detalle, id_pedido, id_libro, cantidad, precio_unitario) VALUES (91, 12, 92, 2, 9365);
INSERT INTO DetallePedido (id_detalle, id_pedido, id_libro, cantidad, precio_unitario) VALUES (92, 13, 93, 3, 9380);
INSERT INTO DetallePedido (id_detalle, id_pedido, id_libro, cantidad, precio_unitario) VALUES (93, 14, 94, 1, 9395);
INSERT INTO DetallePedido (id_detalle, id_pedido, id_libro, cantidad, precio_unitario) VALUES (94, 15, 95, 2, 9410);
INSERT INTO DetallePedido (id_detalle, id_pedido, id_libro, cantidad, precio_unitario) VALUES (95, 16, 96, 3, 9425);
INSERT INTO DetallePedido (id_detalle, id_pedido, id_libro, cantidad, precio_unitario) VALUES (96, 17, 97, 1, 9440);
INSERT INTO DetallePedido (id_detalle, id_pedido, id_libro, cantidad, precio_unitario) VALUES (97, 18, 98, 2, 9455);
INSERT INTO DetallePedido (id_detalle, id_pedido, id_libro, cantidad, precio_unitario) VALUES (98, 19, 99, 3, 9470);
INSERT INTO DetallePedido (id_detalle, id_pedido, id_libro, cantidad, precio_unitario) VALUES (99, 20, 100, 1, 9485);
INSERT INTO DetallePedido (id_detalle, id_pedido, id_libro, cantidad, precio_unitario) VALUES (100, 21, 101, 2, 9500);
INSERT INTO DetallePedido (id_detalle, id_pedido, id_libro, cantidad, precio_unitario) VALUES (101, 22, 102, 3, 9515);
INSERT INTO DetallePedido (id_detalle, id_pedido, id_libro, cantidad, precio_unitario) VALUES (102, 23, 103, 1, 9530);
INSERT INTO DetallePedido (id_detalle, id_pedido, id_libro, cantidad, precio_unitario) VALUES (103, 24, 104, 2, 9545);
INSERT INTO DetallePedido (id_detalle, id_pedido, id_libro, cantidad, precio_unitario) VALUES (104, 25, 105, 3, 9560);
INSERT INTO DetallePedido (id_detalle, id_pedido, id_libro, cantidad, precio_unitario) VALUES (105, 26, 106, 1, 9575);
INSERT INTO DetallePedido (id_detalle, id_pedido, id_libro, cantidad, precio_unitario) VALUES (106, 27, 107, 2, 9590);
INSERT INTO DetallePedido (id_detalle, id_pedido, id_libro, cantidad, precio_unitario) VALUES (107, 28, 108, 3, 9605);
INSERT INTO DetallePedido (id_detalle, id_pedido, id_libro, cantidad, precio_unitario) VALUES (108, 29, 109, 1, 9620);
INSERT INTO DetallePedido (id_detalle, id_pedido, id_libro, cantidad, precio_unitario) VALUES (109, 30, 110, 2, 9635);
INSERT INTO DetallePedido (id_detalle, id_pedido, id_libro, cantidad, precio_unitario) VALUES (110, 31, 111, 3, 9650);
INSERT INTO DetallePedido (id_detalle, id_pedido, id_libro, cantidad, precio_unitario) VALUES (111, 32, 112, 1, 9665);
INSERT INTO DetallePedido (id_detalle, id_pedido, id_libro, cantidad, precio_unitario) VALUES (112, 33, 113, 2, 9680);
INSERT INTO DetallePedido (id_detalle, id_pedido, id_libro, cantidad, precio_unitario) VALUES (113, 34, 114, 3, 9695);
INSERT INTO DetallePedido (id_detalle, id_pedido, id_libro, cantidad, precio_unitario) VALUES (114, 35, 115, 1, 9710);
INSERT INTO DetallePedido (id_detalle, id_pedido, id_libro, cantidad, precio_unitario) VALUES (115, 36, 116, 2, 9725);
INSERT INTO DetallePedido (id_detalle, id_pedido, id_libro, cantidad, precio_unitario) VALUES (116, 37, 117, 3, 9740);
INSERT INTO DetallePedido (id_detalle, id_pedido, id_libro, cantidad, precio_unitario) VALUES (117, 38, 118, 1, 9755);
INSERT INTO DetallePedido (id_detalle, id_pedido, id_libro, cantidad, precio_unitario) VALUES (118, 39, 119, 2, 9770);
INSERT INTO DetallePedido (id_detalle, id_pedido, id_libro, cantidad, precio_unitario) VALUES (119, 40, 120, 3, 9785);
INSERT INTO DetallePedido (id_detalle, id_pedido, id_libro, cantidad, precio_unitario) VALUES (120, 41, 1, 1, 8000);
INSERT INTO DetallePedido (id_detalle, id_pedido, id_libro, cantidad, precio_unitario) VALUES (121, 42, 2, 2, 8015);
INSERT INTO DetallePedido (id_detalle, id_pedido, id_libro, cantidad, precio_unitario) VALUES (122, 43, 3, 3, 8030);
INSERT INTO DetallePedido (id_detalle, id_pedido, id_libro, cantidad, precio_unitario) VALUES (123, 44, 4, 1, 8045);
INSERT INTO DetallePedido (id_detalle, id_pedido, id_libro, cantidad, precio_unitario) VALUES (124, 45, 5, 2, 8060);
INSERT INTO DetallePedido (id_detalle, id_pedido, id_libro, cantidad, precio_unitario) VALUES (125, 46, 6, 3, 8075);
INSERT INTO DetallePedido (id_detalle, id_pedido, id_libro, cantidad, precio_unitario) VALUES (126, 47, 7, 1, 8090);
INSERT INTO DetallePedido (id_detalle, id_pedido, id_libro, cantidad, precio_unitario) VALUES (127, 48, 8, 2, 8105);
INSERT INTO DetallePedido (id_detalle, id_pedido, id_libro, cantidad, precio_unitario) VALUES (128, 49, 9, 3, 8120);
INSERT INTO DetallePedido (id_detalle, id_pedido, id_libro, cantidad, precio_unitario) VALUES (129, 50, 10, 1, 8135);
INSERT INTO DetallePedido (id_detalle, id_pedido, id_libro, cantidad, precio_unitario) VALUES (130, 51, 11, 2, 8150);
INSERT INTO DetallePedido (id_detalle, id_pedido, id_libro, cantidad, precio_unitario) VALUES (131, 52, 12, 3, 8165);
INSERT INTO DetallePedido (id_detalle, id_pedido, id_libro, cantidad, precio_unitario) VALUES (132, 53, 13, 1, 8180);
INSERT INTO DetallePedido (id_detalle, id_pedido, id_libro, cantidad, precio_unitario) VALUES (133, 54, 14, 2, 8195);
INSERT INTO DetallePedido (id_detalle, id_pedido, id_libro, cantidad, precio_unitario) VALUES (134, 55, 15, 3, 8210);
INSERT INTO DetallePedido (id_detalle, id_pedido, id_libro, cantidad, precio_unitario) VALUES (135, 56, 16, 1, 8225);
INSERT INTO DetallePedido (id_detalle, id_pedido, id_libro, cantidad, precio_unitario) VALUES (136, 57, 17, 2, 8240);
INSERT INTO DetallePedido (id_detalle, id_pedido, id_libro, cantidad, precio_unitario) VALUES (137, 58, 18, 3, 8255);
INSERT INTO DetallePedido (id_detalle, id_pedido, id_libro, cantidad, precio_unitario) VALUES (138, 59, 19, 1, 8270);
INSERT INTO DetallePedido (id_detalle, id_pedido, id_libro, cantidad, precio_unitario) VALUES (139, 60, 20, 2, 8285);
INSERT INTO DetallePedido (id_detalle, id_pedido, id_libro, cantidad, precio_unitario) VALUES (140, 61, 21, 3, 8300);
INSERT INTO DetallePedido (id_detalle, id_pedido, id_libro, cantidad, precio_unitario) VALUES (141, 62, 22, 1, 8315);
INSERT INTO DetallePedido (id_detalle, id_pedido, id_libro, cantidad, precio_unitario) VALUES (142, 63, 23, 2, 8330);
INSERT INTO DetallePedido (id_detalle, id_pedido, id_libro, cantidad, precio_unitario) VALUES (143, 64, 24, 3, 8345);
INSERT INTO DetallePedido (id_detalle, id_pedido, id_libro, cantidad, precio_unitario) VALUES (144, 65, 25, 1, 8360);
INSERT INTO DetallePedido (id_detalle, id_pedido, id_libro, cantidad, precio_unitario) VALUES (145, 66, 26, 2, 8375);
INSERT INTO DetallePedido (id_detalle, id_pedido, id_libro, cantidad, precio_unitario) VALUES (146, 67, 27, 3, 8390);
INSERT INTO DetallePedido (id_detalle, id_pedido, id_libro, cantidad, precio_unitario) VALUES (147, 68, 28, 1, 8405);
INSERT INTO DetallePedido (id_detalle, id_pedido, id_libro, cantidad, precio_unitario) VALUES (148, 69, 29, 2, 8420);
INSERT INTO DetallePedido (id_detalle, id_pedido, id_libro, cantidad, precio_unitario) VALUES (149, 70, 30, 3, 8435);
INSERT INTO DetallePedido (id_detalle, id_pedido, id_libro, cantidad, precio_unitario) VALUES (150, 71, 31, 1, 8450);
INSERT INTO DetallePedido (id_detalle, id_pedido, id_libro, cantidad, precio_unitario) VALUES (151, 72, 32, 2, 8465);
INSERT INTO DetallePedido (id_detalle, id_pedido, id_libro, cantidad, precio_unitario) VALUES (152, 73, 33, 3, 8480);
INSERT INTO DetallePedido (id_detalle, id_pedido, id_libro, cantidad, precio_unitario) VALUES (153, 74, 34, 1, 8495);
INSERT INTO DetallePedido (id_detalle, id_pedido, id_libro, cantidad, precio_unitario) VALUES (154, 75, 35, 2, 8510);
INSERT INTO DetallePedido (id_detalle, id_pedido, id_libro, cantidad, precio_unitario) VALUES (155, 76, 36, 3, 8525);
INSERT INTO DetallePedido (id_detalle, id_pedido, id_libro, cantidad, precio_unitario) VALUES (156, 77, 37, 1, 8540);
INSERT INTO DetallePedido (id_detalle, id_pedido, id_libro, cantidad, precio_unitario) VALUES (157, 78, 38, 2, 8555);
INSERT INTO DetallePedido (id_detalle, id_pedido, id_libro, cantidad, precio_unitario) VALUES (158, 79, 39, 3, 8570);
INSERT INTO DetallePedido (id_detalle, id_pedido, id_libro, cantidad, precio_unitario) VALUES (159, 80, 40, 1, 8585);
INSERT INTO DetallePedido (id_detalle, id_pedido, id_libro, cantidad, precio_unitario) VALUES (160, 1, 41, 2, 8600);
INSERT INTO DetallePedido (id_detalle, id_pedido, id_libro, cantidad, precio_unitario) VALUES (161, 2, 42, 3, 8615);
INSERT INTO DetallePedido (id_detalle, id_pedido, id_libro, cantidad, precio_unitario) VALUES (162, 3, 43, 1, 8630);
INSERT INTO DetallePedido (id_detalle, id_pedido, id_libro, cantidad, precio_unitario) VALUES (163, 4, 44, 2, 8645);
INSERT INTO DetallePedido (id_detalle, id_pedido, id_libro, cantidad, precio_unitario) VALUES (164, 5, 45, 3, 8660);
INSERT INTO DetallePedido (id_detalle, id_pedido, id_libro, cantidad, precio_unitario) VALUES (165, 6, 46, 1, 8675);
INSERT INTO DetallePedido (id_detalle, id_pedido, id_libro, cantidad, precio_unitario) VALUES (166, 7, 47, 2, 8690);
INSERT INTO DetallePedido (id_detalle, id_pedido, id_libro, cantidad, precio_unitario) VALUES (167, 8, 48, 3, 8705);
INSERT INTO DetallePedido (id_detalle, id_pedido, id_libro, cantidad, precio_unitario) VALUES (168, 9, 49, 1, 8720);
INSERT INTO DetallePedido (id_detalle, id_pedido, id_libro, cantidad, precio_unitario) VALUES (169, 10, 50, 2, 8735);
INSERT INTO DetallePedido (id_detalle, id_pedido, id_libro, cantidad, precio_unitario) VALUES (170, 11, 51, 3, 8750);
INSERT INTO DetallePedido (id_detalle, id_pedido, id_libro, cantidad, precio_unitario) VALUES (171, 12, 52, 1, 8765);
INSERT INTO DetallePedido (id_detalle, id_pedido, id_libro, cantidad, precio_unitario) VALUES (172, 13, 53, 2, 8780);
INSERT INTO DetallePedido (id_detalle, id_pedido, id_libro, cantidad, precio_unitario) VALUES (173, 14, 54, 3, 8795);
INSERT INTO DetallePedido (id_detalle, id_pedido, id_libro, cantidad, precio_unitario) VALUES (174, 15, 55, 1, 8810);
INSERT INTO DetallePedido (id_detalle, id_pedido, id_libro, cantidad, precio_unitario) VALUES (175, 16, 56, 2, 8825);
INSERT INTO DetallePedido (id_detalle, id_pedido, id_libro, cantidad, precio_unitario) VALUES (176, 17, 57, 3, 8840);
INSERT INTO DetallePedido (id_detalle, id_pedido, id_libro, cantidad, precio_unitario) VALUES (177, 18, 58, 1, 8855);
INSERT INTO DetallePedido (id_detalle, id_pedido, id_libro, cantidad, precio_unitario) VALUES (178, 19, 59, 2, 8870);
INSERT INTO DetallePedido (id_detalle, id_pedido, id_libro, cantidad, precio_unitario) VALUES (179, 20, 60, 3, 8885);
INSERT INTO DetallePedido (id_detalle, id_pedido, id_libro, cantidad, precio_unitario) VALUES (180, 21, 61, 1, 8900);
INSERT INTO DetallePedido (id_detalle, id_pedido, id_libro, cantidad, precio_unitario) VALUES (181, 22, 62, 2, 8915);
INSERT INTO DetallePedido (id_detalle, id_pedido, id_libro, cantidad, precio_unitario) VALUES (182, 23, 63, 3, 8930);
INSERT INTO DetallePedido (id_detalle, id_pedido, id_libro, cantidad, precio_unitario) VALUES (183, 24, 64, 1, 8945);
INSERT INTO DetallePedido (id_detalle, id_pedido, id_libro, cantidad, precio_unitario) VALUES (184, 25, 65, 2, 8960);
INSERT INTO DetallePedido (id_detalle, id_pedido, id_libro, cantidad, precio_unitario) VALUES (185, 26, 66, 3, 8975);
INSERT INTO DetallePedido (id_detalle, id_pedido, id_libro, cantidad, precio_unitario) VALUES (186, 27, 67, 1, 8990);
INSERT INTO DetallePedido (id_detalle, id_pedido, id_libro, cantidad, precio_unitario) VALUES (187, 28, 68, 2, 9005);
INSERT INTO DetallePedido (id_detalle, id_pedido, id_libro, cantidad, precio_unitario) VALUES (188, 29, 69, 3, 9020);
INSERT INTO DetallePedido (id_detalle, id_pedido, id_libro, cantidad, precio_unitario) VALUES (189, 30, 70, 1, 9035);
INSERT INTO DetallePedido (id_detalle, id_pedido, id_libro, cantidad, precio_unitario) VALUES (190, 31, 71, 2, 9050);
INSERT INTO DetallePedido (id_detalle, id_pedido, id_libro, cantidad, precio_unitario) VALUES (191, 32, 72, 3, 9065);
INSERT INTO DetallePedido (id_detalle, id_pedido, id_libro, cantidad, precio_unitario) VALUES (192, 33, 73, 1, 9080);
INSERT INTO DetallePedido (id_detalle, id_pedido, id_libro, cantidad, precio_unitario) VALUES (193, 34, 74, 2, 9095);
INSERT INTO DetallePedido (id_detalle, id_pedido, id_libro, cantidad, precio_unitario) VALUES (194, 35, 75, 3, 9110);
INSERT INTO DetallePedido (id_detalle, id_pedido, id_libro, cantidad, precio_unitario) VALUES (195, 36, 76, 1, 9125);
INSERT INTO DetallePedido (id_detalle, id_pedido, id_libro, cantidad, precio_unitario) VALUES (196, 37, 77, 2, 9140);
INSERT INTO DetallePedido (id_detalle, id_pedido, id_libro, cantidad, precio_unitario) VALUES (197, 38, 78, 3, 9155);
INSERT INTO DetallePedido (id_detalle, id_pedido, id_libro, cantidad, precio_unitario) VALUES (198, 39, 79, 1, 9170);
INSERT INTO DetallePedido (id_detalle, id_pedido, id_libro, cantidad, precio_unitario) VALUES (199, 40, 80, 2, 9185);
INSERT INTO DetallePedido (id_detalle, id_pedido, id_libro, cantidad, precio_unitario) VALUES (200, 41, 81, 3, 9200);
INSERT INTO Pago (id_pago, id_pedido, fecha, monto, metodo) VALUES (1, 2, '2025-09-17', 4100, 'transferencia');
INSERT INTO Pago (id_pago, id_pedido, fecha, monto, metodo) VALUES (2, 3, '2025-09-16', 4200, 'efectivo');
INSERT INTO Pago (id_pago, id_pedido, fecha, monto, metodo) VALUES (3, 4, '2025-09-15', 4300, 'tarjeta');
INSERT INTO Pago (id_pago, id_pedido, fecha, monto, metodo) VALUES (4, 5, '2025-09-14', 4400, 'transferencia');
INSERT INTO Pago (id_pago, id_pedido, fecha, monto, metodo) VALUES (5, 6, '2025-09-13', 4500, 'efectivo');
INSERT INTO Pago (id_pago, id_pedido, fecha, monto, metodo) VALUES (6, 7, '2025-09-12', 4600, 'tarjeta');
INSERT INTO Pago (id_pago, id_pedido, fecha, monto, metodo) VALUES (7, 8, '2025-09-11', 4700, 'transferencia');
INSERT INTO Pago (id_pago, id_pedido, fecha, monto, metodo) VALUES (8, 9, '2025-09-10', 4800, 'efectivo');
INSERT INTO Pago (id_pago, id_pedido, fecha, monto, metodo) VALUES (9, 10, '2025-09-09', 4900, 'tarjeta');
INSERT INTO Pago (id_pago, id_pedido, fecha, monto, metodo) VALUES (10, 11, '2025-09-08', 5000, 'transferencia');
INSERT INTO Pago (id_pago, id_pedido, fecha, monto, metodo) VALUES (11, 12, '2025-09-07', 5100, 'efectivo');
INSERT INTO Pago (id_pago, id_pedido, fecha, monto, metodo) VALUES (12, 13, '2025-09-06', 5200, 'tarjeta');
INSERT INTO Pago (id_pago, id_pedido, fecha, monto, metodo) VALUES (13, 14, '2025-09-05', 5300, 'transferencia');
INSERT INTO Pago (id_pago, id_pedido, fecha, monto, metodo) VALUES (14, 15, '2025-09-04', 5400, 'efectivo');
INSERT INTO Pago (id_pago, id_pedido, fecha, monto, metodo) VALUES (15, 16, '2025-09-03', 5500, 'tarjeta');
INSERT INTO Pago (id_pago, id_pedido, fecha, monto, metodo) VALUES (16, 17, '2025-09-02', 5600, 'transferencia');
INSERT INTO Pago (id_pago, id_pedido, fecha, monto, metodo) VALUES (17, 18, '2025-09-01', 5700, 'efectivo');
INSERT INTO Pago (id_pago, id_pedido, fecha, monto, metodo) VALUES (18, 19, '2025-08-31', 5800, 'tarjeta');
INSERT INTO Pago (id_pago, id_pedido, fecha, monto, metodo) VALUES (19, 20, '2025-08-30', 5900, 'transferencia');
INSERT INTO Pago (id_pago, id_pedido, fecha, monto, metodo) VALUES (20, 21, '2025-08-29', 6000, 'efectivo');
INSERT INTO Pago (id_pago, id_pedido, fecha, monto, metodo) VALUES (21, 22, '2025-08-28', 6100, 'tarjeta');
INSERT INTO Pago (id_pago, id_pedido, fecha, monto, metodo) VALUES (22, 23, '2025-08-27', 6200, 'transferencia');
INSERT INTO Pago (id_pago, id_pedido, fecha, monto, metodo) VALUES (23, 24, '2025-08-26', 6300, 'efectivo');
INSERT INTO Pago (id_pago, id_pedido, fecha, monto, metodo) VALUES (24, 25, '2025-08-25', 6400, 'tarjeta');
INSERT INTO Pago (id_pago, id_pedido, fecha, monto, metodo) VALUES (25, 26, '2025-08-24', 6500, 'transferencia');
INSERT INTO Pago (id_pago, id_pedido, fecha, monto, metodo) VALUES (26, 27, '2025-08-23', 6600, 'efectivo');
INSERT INTO Pago (id_pago, id_pedido, fecha, monto, metodo) VALUES (27, 28, '2025-08-22', 6700, 'tarjeta');
INSERT INTO Pago (id_pago, id_pedido, fecha, monto, metodo) VALUES (28, 29, '2025-08-21', 6800, 'transferencia');
INSERT INTO Pago (id_pago, id_pedido, fecha, monto, metodo) VALUES (29, 30, '2025-08-20', 6900, 'efectivo');
INSERT INTO Pago (id_pago, id_pedido, fecha, monto, metodo) VALUES (30, 31, '2025-09-18', 7000, 'tarjeta');
INSERT INTO Pago (id_pago, id_pedido, fecha, monto, metodo) VALUES (31, 32, '2025-09-17', 7100, 'transferencia');
INSERT INTO Pago (id_pago, id_pedido, fecha, monto, metodo) VALUES (32, 33, '2025-09-16', 7200, 'efectivo');
INSERT INTO Pago (id_pago, id_pedido, fecha, monto, metodo) VALUES (33, 34, '2025-09-15', 7300, 'tarjeta');
INSERT INTO Pago (id_pago, id_pedido, fecha, monto, metodo) VALUES (34, 35, '2025-09-14', 7400, 'transferencia');
INSERT INTO Pago (id_pago, id_pedido, fecha, monto, metodo) VALUES (35, 36, '2025-09-13', 7500, 'efectivo');
INSERT INTO Pago (id_pago, id_pedido, fecha, monto, metodo) VALUES (36, 37, '2025-09-12', 7600, 'tarjeta');
INSERT INTO Pago (id_pago, id_pedido, fecha, monto, metodo) VALUES (37, 38, '2025-09-11', 7700, 'transferencia');
INSERT INTO Pago (id_pago, id_pedido, fecha, monto, metodo) VALUES (38, 39, '2025-09-10', 7800, 'efectivo');
INSERT INTO Pago (id_pago, id_pedido, fecha, monto, metodo) VALUES (39, 40, '2025-09-09', 7900, 'tarjeta');
INSERT INTO Pago (id_pago, id_pedido, fecha, monto, metodo) VALUES (40, 41, '2025-09-08', 8000, 'transferencia');
INSERT INTO Pago (id_pago, id_pedido, fecha, monto, metodo) VALUES (41, 42, '2025-09-07', 8100, 'efectivo');
INSERT INTO Pago (id_pago, id_pedido, fecha, monto, metodo) VALUES (42, 43, '2025-09-06', 8200, 'tarjeta');
INSERT INTO Pago (id_pago, id_pedido, fecha, monto, metodo) VALUES (43, 44, '2025-09-05', 8300, 'transferencia');
INSERT INTO Pago (id_pago, id_pedido, fecha, monto, metodo) VALUES (44, 45, '2025-09-04', 8400, 'efectivo');
INSERT INTO Pago (id_pago, id_pedido, fecha, monto, metodo) VALUES (45, 46, '2025-09-03', 8500, 'tarjeta');
INSERT INTO Pago (id_pago, id_pedido, fecha, monto, metodo) VALUES (46, 47, '2025-09-02', 8600, 'transferencia');
INSERT INTO Pago (id_pago, id_pedido, fecha, monto, metodo) VALUES (47, 48, '2025-09-01', 8700, 'efectivo');
INSERT INTO Pago (id_pago, id_pedido, fecha, monto, metodo) VALUES (48, 49, '2025-08-31', 8800, 'tarjeta');
INSERT INTO Pago (id_pago, id_pedido, fecha, monto, metodo) VALUES (49, 50, '2025-08-30', 8900, 'transferencia');
INSERT INTO Pago (id_pago, id_pedido, fecha, monto, metodo) VALUES (50, 51, '2025-08-29', 4000, 'efectivo');
INSERT INTO Pago (id_pago, id_pedido, fecha, monto, metodo) VALUES (51, 52, '2025-08-28', 4100, 'tarjeta');
INSERT INTO Pago (id_pago, id_pedido, fecha, monto, metodo) VALUES (52, 53, '2025-08-27', 4200, 'transferencia');
INSERT INTO Pago (id_pago, id_pedido, fecha, monto, metodo) VALUES (53, 54, '2025-08-26', 4300, 'efectivo');
INSERT INTO Pago (id_pago, id_pedido, fecha, monto, metodo) VALUES (54, 55, '2025-08-25', 4400, 'tarjeta');
INSERT INTO Pago (id_pago, id_pedido, fecha, monto, metodo) VALUES (55, 56, '2025-08-24', 4500, 'transferencia');
INSERT INTO Pago (id_pago, id_pedido, fecha, monto, metodo) VALUES (56, 57, '2025-08-23', 4600, 'efectivo');
INSERT INTO Pago (id_pago, id_pedido, fecha, monto, metodo) VALUES (57, 58, '2025-08-22', 4700, 'tarjeta');
INSERT INTO Pago (id_pago, id_pedido, fecha, monto, metodo) VALUES (58, 59, '2025-08-21', 4800, 'transferencia');
INSERT INTO Pago (id_pago, id_pedido, fecha, monto, metodo) VALUES (59, 60, '2025-08-20', 4900, 'efectivo');
INSERT INTO Pago (id_pago, id_pedido, fecha, monto, metodo) VALUES (60, 61, '2025-09-18', 5000, 'tarjeta');
INSERT INTO Pago (id_pago, id_pedido, fecha, monto, metodo) VALUES (61, 62, '2025-09-17', 5100, 'transferencia');
INSERT INTO Pago (id_pago, id_pedido, fecha, monto, metodo) VALUES (62, 63, '2025-09-16', 5200, 'efectivo');
INSERT INTO Pago (id_pago, id_pedido, fecha, monto, metodo) VALUES (63, 64, '2025-09-15', 5300, 'tarjeta');
INSERT INTO Pago (id_pago, id_pedido, fecha, monto, metodo) VALUES (64, 65, '2025-09-14', 5400, 'transferencia');
INSERT INTO Pago (id_pago, id_pedido, fecha, monto, metodo) VALUES (65, 66, '2025-09-13', 5500, 'efectivo');
INSERT INTO Pago (id_pago, id_pedido, fecha, monto, metodo) VALUES (66, 67, '2025-09-12', 5600, 'tarjeta');
INSERT INTO Pago (id_pago, id_pedido, fecha, monto, metodo) VALUES (67, 68, '2025-09-11', 5700, 'transferencia');
INSERT INTO Pago (id_pago, id_pedido, fecha, monto, metodo) VALUES (68, 69, '2025-09-10', 5800, 'efectivo');
INSERT INTO Pago (id_pago, id_pedido, fecha, monto, metodo) VALUES (69, 70, '2025-09-09', 5900, 'tarjeta');
INSERT INTO Pago (id_pago, id_pedido, fecha, monto, metodo) VALUES (70, 71, '2025-09-08', 6000, 'transferencia');
INSERT INTO Pago (id_pago, id_pedido, fecha, monto, metodo) VALUES (71, 72, '2025-09-07', 6100, 'efectivo');
INSERT INTO Pago (id_pago, id_pedido, fecha, monto, metodo) VALUES (72, 73, '2025-09-06', 6200, 'tarjeta');
INSERT INTO Pago (id_pago, id_pedido, fecha, monto, metodo) VALUES (73, 74, '2025-09-05', 6300, 'transferencia');
INSERT INTO Pago (id_pago, id_pedido, fecha, monto, metodo) VALUES (74, 75, '2025-09-04', 6400, 'efectivo');
INSERT INTO Pago (id_pago, id_pedido, fecha, monto, metodo) VALUES (75, 76, '2025-09-03', 6500, 'tarjeta');
INSERT INTO Pago (id_pago, id_pedido, fecha, monto, metodo) VALUES (76, 77, '2025-09-02', 6600, 'transferencia');
INSERT INTO Pago (id_pago, id_pedido, fecha, monto, metodo) VALUES (77, 78, '2025-09-01', 6700, 'efectivo');
INSERT INTO Pago (id_pago, id_pedido, fecha, monto, metodo) VALUES (78, 79, '2025-08-31', 6800, 'tarjeta');
INSERT INTO Pago (id_pago, id_pedido, fecha, monto, metodo) VALUES (79, 80, '2025-08-30', 6900, 'transferencia');
INSERT INTO Pago (id_pago, id_pedido, fecha, monto, metodo) VALUES (80, 1, '2025-08-29', 7000, 'efectivo');
INSERT INTO Pago (id_pago, id_pedido, fecha, monto, metodo) VALUES (81, 2, '2025-08-28', 7100, 'tarjeta');
INSERT INTO Pago (id_pago, id_pedido, fecha, monto, metodo) VALUES (82, 3, '2025-08-27', 7200, 'transferencia');
INSERT INTO Pago (id_pago, id_pedido, fecha, monto, metodo) VALUES (83, 4, '2025-08-26', 7300, 'efectivo');
INSERT INTO Pago (id_pago, id_pedido, fecha, monto, metodo) VALUES (84, 5, '2025-08-25', 7400, 'tarjeta');
INSERT INTO Pago (id_pago, id_pedido, fecha, monto, metodo) VALUES (85, 6, '2025-08-24', 7500, 'transferencia');
INSERT INTO Pago (id_pago, id_pedido, fecha, monto, metodo) VALUES (86, 7, '2025-08-23', 7600, 'efectivo');
INSERT INTO Pago (id_pago, id_pedido, fecha, monto, metodo) VALUES (87, 8, '2025-08-22', 7700, 'tarjeta');
INSERT INTO Pago (id_pago, id_pedido, fecha, monto, metodo) VALUES (88, 9, '2025-08-21', 7800, 'transferencia');
INSERT INTO Pago (id_pago, id_pedido, fecha, monto, metodo) VALUES (89, 10, '2025-08-20', 7900, 'efectivo');
INSERT INTO Pago (id_pago, id_pedido, fecha, monto, metodo) VALUES (90, 11, '2025-09-18', 8000, 'tarjeta');
INSERT INTO Pago (id_pago, id_pedido, fecha, monto, metodo) VALUES (91, 12, '2025-09-17', 8100, 'transferencia');
INSERT INTO Pago (id_pago, id_pedido, fecha, monto, metodo) VALUES (92, 13, '2025-09-16', 8200, 'efectivo');
INSERT INTO Pago (id_pago, id_pedido, fecha, monto, metodo) VALUES (93, 14, '2025-09-15', 8300, 'tarjeta');
INSERT INTO Pago (id_pago, id_pedido, fecha, monto, metodo) VALUES (94, 15, '2025-09-14', 8400, 'transferencia');
INSERT INTO Pago (id_pago, id_pedido, fecha, monto, metodo) VALUES (95, 16, '2025-09-13', 8500, 'efectivo');
INSERT INTO Pago (id_pago, id_pedido, fecha, monto, metodo) VALUES (96, 17, '2025-09-12', 8600, 'tarjeta');
INSERT INTO Pago (id_pago, id_pedido, fecha, monto, metodo) VALUES (97, 18, '2025-09-11', 8700, 'transferencia');
INSERT INTO Pago (id_pago, id_pedido, fecha, monto, metodo) VALUES (98, 19, '2025-09-10', 8800, 'efectivo');
INSERT INTO Pago (id_pago, id_pedido, fecha, monto, metodo) VALUES (99, 20, '2025-09-09', 8900, 'tarjeta');
INSERT INTO Pago (id_pago, id_pedido, fecha, monto, metodo) VALUES (100, 21, '2025-09-08', 4000, 'transferencia');
INSERT INTO Pago (id_pago, id_pedido, fecha, monto, metodo) VALUES (101, 22, '2025-09-07', 4100, 'efectivo');
INSERT INTO Pago (id_pago, id_pedido, fecha, monto, metodo) VALUES (102, 23, '2025-09-06', 4200, 'tarjeta');
INSERT INTO Pago (id_pago, id_pedido, fecha, monto, metodo) VALUES (103, 24, '2025-09-05', 4300, 'transferencia');
INSERT INTO Pago (id_pago, id_pedido, fecha, monto, metodo) VALUES (104, 25, '2025-09-04', 4400, 'efectivo');
INSERT INTO Pago (id_pago, id_pedido, fecha, monto, metodo) VALUES (105, 26, '2025-09-03', 4500, 'tarjeta');
INSERT INTO Pago (id_pago, id_pedido, fecha, monto, metodo) VALUES (106, 27, '2025-09-02', 4600, 'transferencia');
INSERT INTO Pago (id_pago, id_pedido, fecha, monto, metodo) VALUES (107, 28, '2025-09-01', 4700, 'efectivo');
INSERT INTO Pago (id_pago, id_pedido, fecha, monto, metodo) VALUES (108, 29, '2025-08-31', 4800, 'tarjeta');
INSERT INTO Pago (id_pago, id_pedido, fecha, monto, metodo) VALUES (109, 30, '2025-08-30', 4900, 'transferencia');
INSERT INTO Pago (id_pago, id_pedido, fecha, monto, metodo) VALUES (110, 31, '2025-08-29', 5000, 'efectivo');
INSERT INTO Pago (id_pago, id_pedido, fecha, monto, metodo) VALUES (111, 32, '2025-08-28', 5100, 'tarjeta');
INSERT INTO Pago (id_pago, id_pedido, fecha, monto, metodo) VALUES (112, 33, '2025-08-27', 5200, 'transferencia');
INSERT INTO Pago (id_pago, id_pedido, fecha, monto, metodo) VALUES (113, 34, '2025-08-26', 5300, 'efectivo');
INSERT INTO Pago (id_pago, id_pedido, fecha, monto, metodo) VALUES (114, 35, '2025-08-25', 5400, 'tarjeta');
INSERT INTO Pago (id_pago, id_pedido, fecha, monto, metodo) VALUES (115, 36, '2025-08-24', 5500, 'transferencia');
INSERT INTO Pago (id_pago, id_pedido, fecha, monto, metodo) VALUES (116, 37, '2025-08-23', 5600, 'efectivo');
INSERT INTO Pago (id_pago, id_pedido, fecha, monto, metodo) VALUES (117, 38, '2025-08-22', 5700, 'tarjeta');
INSERT INTO Pago (id_pago, id_pedido, fecha, monto, metodo) VALUES (118, 39, '2025-08-21', 5800, 'transferencia');
INSERT INTO Pago (id_pago, id_pedido, fecha, monto, metodo) VALUES (119, 40, '2025-08-20', 5900, 'efectivo');
INSERT INTO Pago (id_pago, id_pedido, fecha, monto, metodo) VALUES (120, 41, '2025-09-18', 6000, 'tarjeta');
INSERT INTO Envio (id_envio, id_pedido, direccion, fecha_envio, estado) VALUES (1, 2, 'Entrega 1', '2025-09-17', 'enviado');
INSERT INTO Envio (id_envio, id_pedido, direccion, fecha_envio, estado) VALUES (2, 3, 'Entrega 2', '2025-09-16', 'entregado');
INSERT INTO Envio (id_envio, id_pedido, direccion, fecha_envio, estado) VALUES (3, 4, 'Entrega 3', '2025-09-15', 'preparando');
INSERT INTO Envio (id_envio, id_pedido, direccion, fecha_envio, estado) VALUES (4, 5, 'Entrega 4', '2025-09-14', 'enviado');
INSERT INTO Envio (id_envio, id_pedido, direccion, fecha_envio, estado) VALUES (5, 6, 'Entrega 5', '2025-09-13', 'entregado');
INSERT INTO Envio (id_envio, id_pedido, direccion, fecha_envio, estado) VALUES (6, 7, 'Entrega 6', '2025-09-12', 'preparando');
INSERT INTO Envio (id_envio, id_pedido, direccion, fecha_envio, estado) VALUES (7, 8, 'Entrega 7', '2025-09-11', 'enviado');
INSERT INTO Envio (id_envio, id_pedido, direccion, fecha_envio, estado) VALUES (8, 9, 'Entrega 8', '2025-09-10', 'entregado');
INSERT INTO Envio (id_envio, id_pedido, direccion, fecha_envio, estado) VALUES (9, 10, 'Entrega 9', '2025-09-09', 'preparando');
INSERT INTO Envio (id_envio, id_pedido, direccion, fecha_envio, estado) VALUES (10, 11, 'Entrega 10', '2025-09-08', 'enviado');
INSERT INTO Envio (id_envio, id_pedido, direccion, fecha_envio, estado) VALUES (11, 12, 'Entrega 11', '2025-09-07', 'entregado');
INSERT INTO Envio (id_envio, id_pedido, direccion, fecha_envio, estado) VALUES (12, 13, 'Entrega 12', '2025-09-06', 'preparando');
INSERT INTO Envio (id_envio, id_pedido, direccion, fecha_envio, estado) VALUES (13, 14, 'Entrega 13', '2025-09-05', 'enviado');
INSERT INTO Envio (id_envio, id_pedido, direccion, fecha_envio, estado) VALUES (14, 15, 'Entrega 14', '2025-09-04', 'entregado');
INSERT INTO Envio (id_envio, id_pedido, direccion, fecha_envio, estado) VALUES (15, 16, 'Entrega 15', '2025-09-03', 'preparando');
INSERT INTO Envio (id_envio, id_pedido, direccion, fecha_envio, estado) VALUES (16, 17, 'Entrega 16', '2025-09-02', 'enviado');
INSERT INTO Envio (id_envio, id_pedido, direccion, fecha_envio, estado) VALUES (17, 18, 'Entrega 17', '2025-09-01', 'entregado');
INSERT INTO Envio (id_envio, id_pedido, direccion, fecha_envio, estado) VALUES (18, 19, 'Entrega 18', '2025-08-31', 'preparando');
INSERT INTO Envio (id_envio, id_pedido, direccion, fecha_envio, estado) VALUES (19, 20, 'Entrega 19', '2025-08-30', 'enviado');
INSERT INTO Envio (id_envio, id_pedido, direccion, fecha_envio, estado) VALUES (20, 21, 'Entrega 20', '2025-09-18', 'entregado');
INSERT INTO Envio (id_envio, id_pedido, direccion, fecha_envio, estado) VALUES (21, 22, 'Entrega 21', '2025-09-17', 'preparando');
INSERT INTO Envio (id_envio, id_pedido, direccion, fecha_envio, estado) VALUES (22, 23, 'Entrega 22', '2025-09-16', 'enviado');
INSERT INTO Envio (id_envio, id_pedido, direccion, fecha_envio, estado) VALUES (23, 24, 'Entrega 23', '2025-09-15', 'entregado');
INSERT INTO Envio (id_envio, id_pedido, direccion, fecha_envio, estado) VALUES (24, 25, 'Entrega 24', '2025-09-14', 'preparando');
INSERT INTO Envio (id_envio, id_pedido, direccion, fecha_envio, estado) VALUES (25, 26, 'Entrega 25', '2025-09-13', 'enviado');
INSERT INTO Envio (id_envio, id_pedido, direccion, fecha_envio, estado) VALUES (26, 27, 'Entrega 26', '2025-09-12', 'entregado');
INSERT INTO Envio (id_envio, id_pedido, direccion, fecha_envio, estado) VALUES (27, 28, 'Entrega 27', '2025-09-11', 'preparando');
INSERT INTO Envio (id_envio, id_pedido, direccion, fecha_envio, estado) VALUES (28, 29, 'Entrega 28', '2025-09-10', 'enviado');
INSERT INTO Envio (id_envio, id_pedido, direccion, fecha_envio, estado) VALUES (29, 30, 'Entrega 29', '2025-09-09', 'entregado');
INSERT INTO Envio (id_envio, id_pedido, direccion, fecha_envio, estado) VALUES (30, 31, 'Entrega 30', '2025-09-08', 'preparando');
INSERT INTO Envio (id_envio, id_pedido, direccion, fecha_envio, estado) VALUES (31, 32, 'Entrega 31', '2025-09-07', 'enviado');
INSERT INTO Envio (id_envio, id_pedido, direccion, fecha_envio, estado) VALUES (32, 33, 'Entrega 32', '2025-09-06', 'entregado');
INSERT INTO Envio (id_envio, id_pedido, direccion, fecha_envio, estado) VALUES (33, 34, 'Entrega 33', '2025-09-05', 'preparando');
INSERT INTO Envio (id_envio, id_pedido, direccion, fecha_envio, estado) VALUES (34, 35, 'Entrega 34', '2025-09-04', 'enviado');
INSERT INTO Envio (id_envio, id_pedido, direccion, fecha_envio, estado) VALUES (35, 36, 'Entrega 35', '2025-09-03', 'entregado');
INSERT INTO Envio (id_envio, id_pedido, direccion, fecha_envio, estado) VALUES (36, 37, 'Entrega 36', '2025-09-02', 'preparando');
INSERT INTO Envio (id_envio, id_pedido, direccion, fecha_envio, estado) VALUES (37, 38, 'Entrega 37', '2025-09-01', 'enviado');
INSERT INTO Envio (id_envio, id_pedido, direccion, fecha_envio, estado) VALUES (38, 39, 'Entrega 38', '2025-08-31', 'entregado');
INSERT INTO Envio (id_envio, id_pedido, direccion, fecha_envio, estado) VALUES (39, 40, 'Entrega 39', '2025-08-30', 'preparando');
INSERT INTO Envio (id_envio, id_pedido, direccion, fecha_envio, estado) VALUES (40, 41, 'Entrega 40', '2025-09-18', 'enviado');
INSERT INTO Envio (id_envio, id_pedido, direccion, fecha_envio, estado) VALUES (41, 42, 'Entrega 41', '2025-09-17', 'entregado');
INSERT INTO Envio (id_envio, id_pedido, direccion, fecha_envio, estado) VALUES (42, 43, 'Entrega 42', '2025-09-16', 'preparando');
INSERT INTO Envio (id_envio, id_pedido, direccion, fecha_envio, estado) VALUES (43, 44, 'Entrega 43', '2025-09-15', 'enviado');
INSERT INTO Envio (id_envio, id_pedido, direccion, fecha_envio, estado) VALUES (44, 45, 'Entrega 44', '2025-09-14', 'entregado');
INSERT INTO Envio (id_envio, id_pedido, direccion, fecha_envio, estado) VALUES (45, 46, 'Entrega 45', '2025-09-13', 'preparando');
INSERT INTO Envio (id_envio, id_pedido, direccion, fecha_envio, estado) VALUES (46, 47, 'Entrega 46', '2025-09-12', 'enviado');
INSERT INTO Envio (id_envio, id_pedido, direccion, fecha_envio, estado) VALUES (47, 48, 'Entrega 47', '2025-09-11', 'entregado');
INSERT INTO Envio (id_envio, id_pedido, direccion, fecha_envio, estado) VALUES (48, 49, 'Entrega 48', '2025-09-10', 'preparando');
INSERT INTO Envio (id_envio, id_pedido, direccion, fecha_envio, estado) VALUES (49, 50, 'Entrega 49', '2025-09-09', 'enviado');
INSERT INTO Envio (id_envio, id_pedido, direccion, fecha_envio, estado) VALUES (50, 51, 'Entrega 50', '2025-09-08', 'entregado');
INSERT INTO Envio (id_envio, id_pedido, direccion, fecha_envio, estado) VALUES (51, 52, 'Entrega 51', '2025-09-07', 'preparando');
INSERT INTO Envio (id_envio, id_pedido, direccion, fecha_envio, estado) VALUES (52, 53, 'Entrega 52', '2025-09-06', 'enviado');
INSERT INTO Envio (id_envio, id_pedido, direccion, fecha_envio, estado) VALUES (53, 54, 'Entrega 53', '2025-09-05', 'entregado');
INSERT INTO Envio (id_envio, id_pedido, direccion, fecha_envio, estado) VALUES (54, 55, 'Entrega 54', '2025-09-04', 'preparando');
INSERT INTO Envio (id_envio, id_pedido, direccion, fecha_envio, estado) VALUES (55, 56, 'Entrega 55', '2025-09-03', 'enviado');
INSERT INTO Envio (id_envio, id_pedido, direccion, fecha_envio, estado) VALUES (56, 57, 'Entrega 56', '2025-09-02', 'entregado');
INSERT INTO Envio (id_envio, id_pedido, direccion, fecha_envio, estado) VALUES (57, 58, 'Entrega 57', '2025-09-01', 'preparando');
INSERT INTO Envio (id_envio, id_pedido, direccion, fecha_envio, estado) VALUES (58, 59, 'Entrega 58', '2025-08-31', 'enviado');
INSERT INTO Envio (id_envio, id_pedido, direccion, fecha_envio, estado) VALUES (59, 60, 'Entrega 59', '2025-08-30', 'entregado');
INSERT INTO Envio (id_envio, id_pedido, direccion, fecha_envio, estado) VALUES (60, 61, 'Entrega 60', '2025-09-18', 'preparando');
INSERT INTO UsuarioSistema (id_usuario, username, password, rol) VALUES (1, 'user1', 'pass001', 'vendedor');
INSERT INTO UsuarioSistema (id_usuario, username, password, rol) VALUES (2, 'user2', 'pass002', 'cliente');
INSERT INTO UsuarioSistema (id_usuario, username, password, rol) VALUES (3, 'user3', 'pass003', 'admin');
INSERT INTO UsuarioSistema (id_usuario, username, password, rol) VALUES (4, 'user4', 'pass004', 'vendedor');
INSERT INTO UsuarioSistema (id_usuario, username, password, rol) VALUES (5, 'user5', 'pass005', 'cliente');
INSERT INTO UsuarioSistema (id_usuario, username, password, rol) VALUES (6, 'user6', 'pass006', 'admin');
INSERT INTO UsuarioSistema (id_usuario, username, password, rol) VALUES (7, 'user7', 'pass007', 'vendedor');
INSERT INTO UsuarioSistema (id_usuario, username, password, rol) VALUES (8, 'user8', 'pass008', 'cliente');
INSERT INTO UsuarioSistema (id_usuario, username, password, rol) VALUES (9, 'user9', 'pass009', 'admin');
INSERT INTO UsuarioSistema (id_usuario, username, password, rol) VALUES (10, 'user10', 'pass010', 'vendedor');
INSERT INTO UsuarioSistema (id_usuario, username, password, rol) VALUES (11, 'user11', 'pass011', 'cliente');
INSERT INTO UsuarioSistema (id_usuario, username, password, rol) VALUES (12, 'user12', 'pass012', 'admin');
INSERT INTO UsuarioSistema (id_usuario, username, password, rol) VALUES (13, 'user13', 'pass013', 'vendedor');
INSERT INTO UsuarioSistema (id_usuario, username, password, rol) VALUES (14, 'user14', 'pass014', 'cliente');
INSERT INTO UsuarioSistema (id_usuario, username, password, rol) VALUES (15, 'user15', 'pass015', 'admin');
COMMIT;